,0,1,2,3,4,5,6,7,8,9,10,11,12,13,14,15,Up,Down,Left,Right
0,2,0,2,0,0,0,0,0,0,0,0,0,0,0,0,0,1,0,0,0
1,4,0,0,0,2,0,0,0,0,0,0,0,0,0,0,0,0,0,1,0
2,4,0,2,0,2,0,0,0,0,0,0,0,0,0,0,0,1,0,0,0
3,4,2,0,0,2,0,0,0,2,0,0,0,0,0,0,0,0,0,1,0
4,4,2,0,2,4,0,0,0,0,0,0,0,0,0,0,0,1,0,0,0
5,4,4,0,0,4,0,0,0,2,0,0,0,0,0,0,0,0,0,1,0
6,8,4,0,2,2,0,0,0,0,0,0,0,0,0,0,0,1,0,0,0
7,8,4,2,0,2,0,0,0,2,0,0,0,0,0,0,0,0,0,1,0
8,8,4,4,0,4,0,0,0,0,0,0,0,0,0,0,0,1,0,0,0
9,8,8,2,0,4,0,0,0,0,0,0,0,0,0,0,0,0,0,1,0
10,8,8,2,2,4,0,0,0,0,0,0,0,0,0,0,0,1,0,0,0
11,16,4,0,0,4,0,0,0,2,0,0,0,0,0,0,0,0,0,1,0
12,16,4,0,4,4,0,0,0,2,0,0,0,0,0,0,0,1,0,0,0
13,16,8,0,0,4,0,0,0,2,0,0,0,2,0,0,0,0,0,1,0
14,16,8,2,0,4,0,0,0,4,0,0,0,0,0,0,0,1,0,0,0
15,16,8,2,0,4,0,0,0,4,0,0,0,2,0,0,0,0,0,1,0
16,16,8,2,2,8,0,0,0,2,0,0,0,0,0,0,0,1,0,0,0
17,16,8,4,0,8,2,0,0,2,0,0,0,0,0,0,0,0,0,1,0
18,16,8,4,0,8,4,0,0,2,0,0,0,0,0,0,0,1,0,0,0
19,16,8,4,4,8,4,0,0,2,0,0,0,0,0,0,0,1,0,0,0
20,16,8,8,0,8,4,2,0,2,0,0,0,0,0,0,0,0,0,1,0
21,16,16,0,0,8,4,2,0,4,0,0,0,0,0,0,0,0,0,1,0
22,32,0,0,0,8,4,2,0,8,0,0,0,0,0,0,0,0,0,1,0
23,32,4,2,0,16,0,0,0,2,0,0,0,0,0,0,0,1,0,0,0
24,32,4,2,2,16,0,0,0,2,0,0,0,0,0,0,0,1,0,0,0
25,32,4,4,0,16,2,0,0,2,0,0,0,0,0,0,0,0,0,1,0
26,32,8,0,0,16,2,0,0,2,0,0,0,2,0,0,0,0,0,1,0
27,32,8,0,4,16,2,0,0,4,0,0,0,0,0,0,0,1,0,0,0
28,32,8,4,0,16,2,0,0,4,0,0,0,2,0,0,0,0,0,1,0
29,32,8,4,0,16,2,2,0,4,0,0,0,2,0,0,0,1,0,0,0
30,32,8,4,0,16,4,0,0,4,0,0,0,4,0,0,0,0,0,1,0
31,32,8,4,2,16,4,0,0,8,0,0,0,0,0,0,0,1,0,0,0
32,32,8,4,4,16,4,0,0,8,0,0,0,0,0,0,0,1,0,0,0
33,32,8,8,0,16,4,0,0,8,0,0,0,2,0,0,0,0,0,1,0
34,32,16,0,0,16,4,0,0,8,0,0,0,2,4,0,0,0,0,1,0
35,32,16,2,0,16,8,0,0,8,0,0,0,2,0,0,0,1,0,0,0
36,32,16,4,0,16,8,0,0,8,0,0,0,2,0,0,0,1,0,0,0
37,32,16,4,4,16,8,0,0,8,0,0,0,2,0,0,0,1,0,0,0
38,32,16,8,0,16,8,0,0,8,2,0,0,2,0,0,0,0,0,1,0
39,32,16,8,4,0,0,16,8,0,0,8,2,0,0,0,2,0,0,0,1
40,32,16,8,4,2,16,8,0,8,2,0,0,2,0,0,0,0,0,1,0
41,32,32,16,4,2,2,0,2,8,0,0,0,2,0,0,0,1,0,0,0
42,64,16,4,0,4,2,0,0,8,0,0,0,4,0,0,0,0,0,1,0
43,64,16,4,0,4,4,0,0,8,0,0,0,4,0,0,0,1,0,0,0
44,64,16,4,0,8,0,0,0,8,2,0,0,4,0,0,0,0,0,1,0
45,64,16,4,0,16,2,2,0,4,0,0,0,0,0,0,0,1,0,0,0
46,64,16,4,0,16,4,0,0,4,0,0,0,2,0,0,0,0,0,1,0
47,64,16,4,0,16,4,0,0,4,2,0,0,2,0,0,0,1,0,0,0
48,64,16,4,0,16,4,0,0,4,2,0,0,4,0,0,0,0,0,1,0
49,64,16,4,0,16,4,2,0,8,2,0,0,0,0,0,0,1,0,0,0
50,64,16,4,2,16,4,2,0,8,2,0,0,0,0,0,0,1,0,0,0
51,64,16,4,2,0,16,4,2,0,8,2,4,0,0,0,0,0,0,0,1
52,64,32,8,4,2,8,2,4,0,0,0,0,0,0,0,0,1,0,0,0
53,64,32,8,8,2,8,2,0,0,2,0,0,0,0,0,0,1,0,0,0
54,64,32,16,0,2,8,2,0,2,0,0,0,2,0,0,0,0,0,1,0
55,64,32,16,0,4,8,4,0,2,0,0,0,0,0,0,0,1,0,0,0
56,64,32,16,0,4,8,4,0,4,0,0,0,0,0,0,0,1,0,0,0
57,64,32,16,0,8,8,8,0,0,0,0,0,0,0,0,0,1,0,0,0
58,64,32,16,0,16,8,0,0,2,0,0,0,0,0,0,0,0,0,1,0
59,64,32,16,0,16,8,2,0,2,0,0,0,0,0,0,0,1,0,0,0
60,64,32,16,0,16,8,2,0,2,0,4,0,0,0,0,0,1,0,0,0
61,64,32,16,2,16,8,2,0,2,4,0,0,0,0,0,0,0,0,1,0
62,64,32,16,4,16,8,2,0,2,4,0,0,0,0,0,0,1,0,0,0
63,64,32,16,4,16,8,4,0,2,4,0,0,0,0,0,0,1,0,0,0
64,64,32,16,4,0,16,8,4,0,0,2,4,0,0,0,2,0,0,0,1
65,64,32,16,8,2,16,8,4,0,0,2,2,0,0,0,0,1,0,0,0
66,64,32,16,8,2,16,8,4,0,0,0,4,0,0,0,4,0,0,0,1
67,64,32,16,8,2,16,8,8,0,2,0,4,0,0,0,0,1,0,0,0
68,64,32,16,16,4,16,8,4,0,2,0,0,0,0,0,0,1,0,0,0
69,64,32,32,0,4,16,8,4,2,0,0,0,2,0,0,0,0,0,1,0
70,64,64,0,0,4,16,8,4,2,0,0,0,4,0,0,0,0,0,1,0
71,128,0,0,0,4,16,8,4,2,0,0,0,8,0,0,0,0,0,1,0
72,128,16,8,4,4,0,2,0,2,0,0,0,8,0,0,0,1,0,0,0
73,128,16,8,4,4,0,4,0,2,0,0,0,8,0,0,0,1,0,0,0
74,128,16,8,4,8,0,0,0,2,0,0,0,8,2,0,0,0,0,1,0
75,128,16,8,4,8,4,0,0,2,0,0,0,8,0,0,0,1,0,0,0
76,128,16,8,4,8,4,0,2,2,0,0,0,8,0,0,0,1,0,0,0
77,128,16,8,4,0,8,4,2,0,0,0,2,0,0,8,4,0,0,0,1
78,128,16,8,4,0,8,4,4,0,2,8,4,0,0,0,0,1,0,0,0
79,128,16,8,8,2,8,4,4,0,2,8,0,0,0,0,0,1,0,0,0
80,128,16,16,0,2,8,8,0,2,8,0,0,2,0,0,0,0,0,1,0
81,128,16,16,0,4,16,8,0,2,0,2,0,0,0,0,0,1,0,0,0
82,128,32,0,0,4,16,8,0,4,2,0,0,0,0,0,0,0,0,1,0
83,128,32,8,0,8,16,4,0,0,2,0,0,0,0,0,0,1,0,0,0
84,128,32,8,2,8,16,4,0,0,2,0,0,0,0,0,0,1,0,0,0
85,128,32,8,2,8,16,4,0,0,4,0,0,0,0,0,0,1,0,0,0
86,128,32,8,2,8,16,4,0,4,2,0,0,0,0,0,0,0,0,1,0
87,128,32,8,2,8,16,4,0,4,4,0,0,0,0,0,0,0,0,1,0
88,128,32,8,2,8,16,4,0,8,2,0,0,0,0,0,0,0,0,1,0
89,128,32,8,2,16,16,4,0,4,2,0,0,0,0,0,0,1,0,0,0
90,128,32,8,2,0,0,32,4,0,0,4,4,0,0,0,0,0,0,0,1
91,128,32,8,2,2,32,4,0,8,0,0,0,0,0,0,0,0,0,1,0
92,128,64,8,2,2,0,4,0,8,0,0,0,2,0,0,0,1,0,0,0
93,128,64,8,4,2,0,4,0,8,0,0,0,2,0,0,0,1,0,0,0
94,128,64,8,4,0,0,2,4,0,0,0,8,0,0,0,4,0,0,0,1
95,128,64,8,8,0,2,2,8,0,0,0,4,0,0,0,0,1,0,0,0
96,128,64,16,0,4,2,8,0,4,0,0,0,0,0,0,0,0,0,1,0
97,128,64,16,2,8,2,8,0,0,0,0,0,0,0,0,0,1,0,0,0
98,128,64,16,2,8,2,8,0,0,0,2,0,0,0,0,0,1,0,0,0
99,128,64,16,4,8,2,8,0,0,0,2,0,0,0,0,0,1,0,0,0
100,128,64,16,4,8,2,8,0,0,0,4,0,0,0,0,0,1,0,0,0
101,128,64,16,4,8,4,8,0,0,0,4,0,0,0,0,0,1,0,0,0
102,128,64,16,4,8,4,8,2,4,0,0,0,0,0,0,0,0,0,1,0
103,128,64,16,4,8,4,8,2,4,0,2,0,0,0,0,0,1,0,0,0
104,128,64,16,4,8,4,8,4,4,0,2,0,0,0,0,0,1,0,0,0
105,128,64,16,8,8,4,8,0,4,2,2,0,0,0,0,0,1,0,0,0
106,128,64,16,8,8,4,8,2,4,4,0,0,0,0,0,0,0,0,1,0
107,128,64,16,8,8,8,8,4,4,0,0,0,0,0,0,0,1,0,0,0
108,128,64,16,8,8,8,8,4,4,0,2,0,0,0,0,0,1,0,0,0
109,128,64,16,8,0,8,16,4,0,0,4,2,0,0,0,2,0,0,0,1
110,128,64,32,8,2,8,4,4,0,0,0,4,0,0,0,0,1,0,0,0
111,128,64,32,8,0,2,8,8,0,0,2,4,0,0,0,0,0,0,0,1
112,128,64,32,16,2,2,8,4,0,0,2,0,0,0,0,0,1,0,0,0
113,128,64,32,16,0,4,8,4,0,0,0,4,0,0,0,0,0,0,0,1
114,128,64,32,16,4,4,8,8,0,0,0,0,0,0,0,0,1,0,0,0
115,128,64,32,16,0,0,8,16,0,0,0,2,0,0,0,0,0,0,0,1
116,128,64,32,32,0,0,8,2,0,0,2,0,0,0,0,0,1,0,0,0
117,128,64,64,0,2,8,2,0,2,0,0,0,0,0,0,0,0,0,1,0
118,128,128,0,0,2,8,2,0,4,0,0,0,0,0,0,0,0,0,1,0
119,256,0,0,0,2,8,2,0,4,0,0,0,2,0,0,0,0,0,1,0
120,256,8,2,2,2,0,0,0,4,0,0,0,2,0,0,0,1,0,0,0
121,256,8,4,0,2,0,0,0,4,0,0,0,4,0,0,0,0,0,1,0
122,256,8,4,2,2,0,0,0,8,0,0,0,0,0,0,0,1,0,0,0
123,256,8,4,4,2,0,0,0,8,0,0,0,0,0,0,0,1,0,0,0
124,256,8,8,0,2,0,0,0,8,4,0,0,0,0,0,0,0,0,1,0
125,256,8,8,0,2,4,0,0,8,0,0,0,2,0,0,0,1,0,0,0
126,256,8,8,2,2,4,0,0,8,0,0,0,2,0,0,0,1,0,0,0
127,256,8,8,4,2,4,0,0,8,0,0,0,2,0,0,0,1,0,0,0
128,256,16,4,0,2,4,0,0,8,0,0,0,4,0,0,0,0,0,1,0
129,256,16,4,0,2,4,2,0,8,0,0,0,4,0,0,0,1,0,0,0
130,256,16,4,0,2,4,4,0,8,0,0,0,4,0,0,0,1,0,0,0
131,256,16,8,2,2,4,0,0,8,0,0,0,4,0,0,0,1,0,0,0
132,256,16,8,2,0,2,4,2,0,0,0,8,0,0,0,4,0,0,0,1
133,256,16,8,4,0,4,4,8,0,0,0,4,0,0,0,0,1,0,0,0
134,256,16,8,4,0,0,8,8,0,0,2,4,0,0,0,0,0,0,0,1
135,256,16,16,4,0,2,2,8,0,0,0,4,0,0,0,0,1,0,0,0
136,256,32,4,0,4,8,0,0,4,0,0,0,4,0,0,0,0,0,1,0
137,256,32,4,0,8,8,2,0,4,0,0,0,0,0,0,0,1,0,0,0
138,256,32,4,0,16,2,0,0,4,0,0,0,2,0,0,0,0,0,1,0
139,256,32,4,0,16,2,2,0,4,0,0,0,2,0,0,0,1,0,0,0
140,256,32,4,0,16,4,0,0,4,2,0,0,2,0,0,0,0,0,1,0
141,256,32,4,0,16,4,0,0,4,4,0,0,2,0,0,0,1,0,0,0
142,256,32,4,2,16,8,0,0,4,0,0,0,2,0,0,0,1,0,0,0
143,256,32,4,4,16,8,0,0,4,0,0,0,2,0,0,0,1,0,0,0
144,256,32,8,0,16,8,0,0,4,0,0,0,4,0,0,0,0,0,1,0
145,256,32,8,2,16,8,0,0,8,0,0,0,0,0,0,0,1,0,0,0
146,256,32,8,2,16,8,2,0,8,0,0,0,0,0,0,0,1,0,0,0
147,256,32,8,2,16,8,4,0,8,0,0,0,0,0,0,0,1,0,0,0
148,256,32,8,2,16,8,4,0,8,0,2,0,0,0,0,0,1,0,0,0
149,256,32,8,2,16,8,4,0,8,4,0,0,0,0,0,0,0,0,1,0
150,256,32,8,2,0,16,8,4,0,0,8,4,0,0,0,2,0,0,0,1
151,256,32,16,2,2,16,8,8,0,0,0,2,0,0,0,0,1,0,0,0
152,256,32,16,2,0,2,16,16,0,0,0,2,0,0,0,2,0,0,0,1
153,256,32,32,2,0,2,2,16,0,0,0,4,0,0,0,0,1,0,0,0
154,256,64,2,0,4,16,0,0,2,4,0,0,0,0,0,0,0,0,1,0
155,256,64,2,0,4,16,0,0,2,8,0,0,0,0,0,0,0,0,1,0
156,256,64,4,0,4,16,0,0,2,8,0,0,0,0,0,0,1,0,0,0
157,256,64,4,2,0,0,4,16,0,0,2,8,0,0,0,0,0,0,0,1
158,256,64,8,2,0,2,2,16,0,0,0,8,0,0,0,0,1,0,0,0
159,256,64,8,2,4,16,0,0,2,8,0,0,0,0,0,0,0,0,1,0
160,256,64,8,2,4,16,2,0,2,8,0,0,0,0,0,0,0,0,1,0
161,256,64,8,4,4,16,2,0,2,8,0,0,0,0,0,0,1,0,0,0
162,256,64,8,4,4,16,2,2,2,8,0,0,0,0,0,0,1,0,0,0
163,256,64,8,4,0,4,16,4,0,0,2,8,0,0,0,4,0,0,0,1
164,256,64,8,8,2,4,16,8,0,0,2,4,0,0,0,0,1,0,0,0
165,256,64,16,0,2,4,16,8,2,4,0,0,2,0,0,0,0,0,1,0
166,256,64,32,2,4,8,0,8,2,0,0,0,0,0,0,0,1,0,0,0
167,256,64,32,2,4,8,2,8,2,0,0,0,0,0,0,0,1,0,0,0
168,256,64,32,2,4,8,4,8,2,0,0,0,0,0,0,0,1,0,0,0
169,256,64,32,2,4,8,4,8,4,0,0,0,0,0,0,0,0,0,1,0
170,256,64,32,2,8,8,4,8,0,0,2,0,0,0,0,0,1,0,0,0
171,256,64,32,2,16,4,8,0,2,0,0,0,2,0,0,0,0,0,1,0
172,256,64,32,2,16,4,8,0,4,0,0,0,2,0,0,0,0,0,1,0
173,256,64,32,2,16,4,8,0,4,0,2,0,2,0,0,0,1,0,0,0
174,256,64,32,4,16,4,8,0,4,0,2,0,2,0,0,0,1,0,0,0
175,256,64,32,4,16,4,8,2,4,0,2,0,2,0,0,0,1,0,0,0
176,256,64,32,4,16,4,8,4,4,0,2,0,2,0,0,0,1,0,0,0
177,256,64,32,8,16,4,8,2,4,0,2,0,2,0,0,0,1,0,0,0
178,256,64,32,8,16,4,8,2,4,2,2,0,2,0,0,0,1,0,0,0
179,256,64,32,8,16,4,8,2,4,4,0,0,4,0,0,0,0,0,1,0
180,256,64,32,8,16,8,8,4,8,0,0,0,0,0,0,0,1,0,0,0
181,256,64,32,8,0,16,16,4,0,0,0,8,0,0,0,2,0,0,0,1
182,256,64,32,8,0,0,32,4,0,0,0,8,0,0,0,4,0,0,0,1
183,256,64,64,8,0,2,0,4,0,0,0,8,0,0,0,4,1,0,0,0
184,256,128,8,0,2,4,0,0,2,8,0,0,4,0,0,0,0,0,1,0
185,256,128,8,2,4,4,0,0,4,8,0,0,0,0,0,0,1,0,0,0
186,256,128,8,2,8,0,0,0,4,8,0,0,2,0,0,0,0,0,1,0
187,256,128,8,2,8,8,2,0,4,0,0,0,2,0,0,0,1,0,0,0
188,256,128,8,4,8,8,2,0,4,0,0,0,2,0,0,0,1,0,0,0
189,256,128,8,4,0,0,16,2,0,0,0,4,0,0,0,4,0,0,0,1
190,256,128,8,4,16,2,0,0,4,0,0,0,2,4,0,0,0,0,1,0
191,256,128,8,4,16,2,4,0,4,4,0,0,2,0,0,0,1,0,0,0
192,256,128,8,4,0,16,2,4,0,0,8,2,0,0,0,2,0,0,0,1
193,256,128,8,8,2,16,2,4,0,0,8,0,0,0,0,0,1,0,0,0
194,256,128,16,0,2,16,2,4,8,4,0,0,0,0,0,0,0,0,1,0
195,256,128,16,4,2,16,2,0,8,4,4,0,0,0,0,0,1,0,0,0
196,256,128,16,4,0,2,16,2,0,0,8,8,0,0,0,2,0,0,0,1
197,256,128,32,4,0,4,8,2,0,0,0,8,0,0,0,2,1,0,0,0
198,256,128,32,4,4,8,2,0,2,8,0,0,2,0,0,0,0,0,1,0
199,256,128,32,4,4,16,2,2,4,0,0,0,0,0,0,0,1,0,0,0
200,256,128,32,4,0,4,16,4,0,0,4,2,0,0,0,0,0,0,0,1
201,256,128,32,8,2,4,16,2,0,0,4,0,0,0,0,0,1,0,0,0
202,256,128,32,8,2,4,16,2,4,0,0,0,2,0,0,0,0,0,1,0
203,256,128,32,8,2,4,16,2,0,0,4,2,0,0,0,2,0,0,0,1
204,256,128,32,8,4,4,16,4,0,0,4,2,0,0,0,0,1,0,0,0
205,256,128,32,8,8,16,4,0,4,2,0,0,4,0,0,0,0,0,1,0
206,256,128,32,8,0,8,16,4,0,0,4,4,0,0,0,4,0,0,0,1
207,256,128,32,8,2,8,16,8,0,0,4,4,0,0,0,0,1,0,0,0
208,256,128,32,16,4,8,16,4,0,0,4,0,0,0,0,0,1,0,0,0
209,256,128,32,16,4,8,16,4,0,0,0,4,0,0,0,2,0,0,0,1
210,256,128,32,16,4,8,16,8,2,0,0,2,0,0,0,0,1,0,0,0
211,256,128,32,16,4,8,16,8,0,0,2,4,0,0,0,0,0,0,0,1
212,256,128,32,16,4,8,16,8,2,4,0,0,2,0,0,0,0,0,1,0
213,256,128,32,16,4,8,16,8,4,4,2,0,0,0,0,0,1,0,0,0
214,256,128,32,16,4,8,16,8,0,0,8,4,0,0,0,0,0,0,0,1
215,256,128,32,16,4,8,16,8,8,4,0,0,2,0,0,0,0,0,1,0
216,256,128,32,16,4,8,16,8,8,4,2,0,2,0,0,0,1,0,0,0
217,256,128,32,16,4,8,16,8,8,4,4,0,2,0,0,0,1,0,0,0
218,256,128,32,16,4,8,16,8,0,8,8,2,0,0,0,2,0,0,0,1
219,256,128,32,16,4,16,16,8,2,0,8,4,0,0,0,0,1,0,0,0
220,256,128,32,16,0,4,32,8,0,2,8,4,0,0,0,2,0,0,0,1
221,256,128,64,16,2,4,8,8,0,2,0,4,0,0,0,2,1,0,0,0
222,256,128,64,16,0,2,4,16,0,0,4,4,0,0,0,2,0,0,0,1
223,256,128,64,32,0,4,8,4,0,0,0,2,0,0,0,0,1,0,0,0
224,256,128,64,32,0,4,8,4,0,0,0,4,0,0,0,0,0,0,0,1
225,256,128,64,32,2,4,8,8,0,0,0,0,0,0,0,0,1,0,0,0
226,256,128,64,32,0,2,4,16,0,0,0,0,0,0,0,2,0,0,0,1
227,256,128,64,32,2,2,4,16,0,0,0,2,0,0,0,0,1,0,0,0
228,256,128,64,32,2,4,4,16,0,0,0,2,0,0,0,0,1,0,0,0
229,256,128,64,32,0,2,8,16,0,0,0,4,0,0,0,0,0,0,0,1
230,256,128,64,32,2,8,16,0,4,0,0,0,2,0,0,0,0,0,1,0
231,256,128,64,32,2,8,16,2,4,0,0,0,2,0,0,0,1,0,0,0
232,256,128,64,32,2,8,16,2,4,2,0,0,2,0,0,0,1,0,0,0
233,256,128,64,32,2,8,16,4,4,2,0,0,2,0,0,0,1,0,0,0
234,256,128,64,32,2,8,16,4,4,2,2,0,2,0,0,0,1,0,0,0
235,256,128,64,32,2,8,16,4,0,0,4,4,0,0,2,4,0,0,0,1
236,256,128,64,32,4,8,16,8,0,0,4,4,0,0,2,0,1,0,0,0
237,256,128,64,32,4,8,16,8,0,0,2,8,0,0,0,2,0,0,0,1
238,256,128,64,32,4,8,16,16,0,0,4,2,0,0,0,0,1,0,0,0
239,256,128,64,32,0,4,8,32,0,2,4,2,0,0,0,0,0,0,0,1
240,256,128,64,64,2,4,8,2,0,2,4,0,0,0,0,0,1,0,0,0
241,256,128,128,0,2,4,8,2,2,4,0,0,2,0,0,0,0,0,1,0
242,256,256,0,0,2,4,8,2,2,8,0,0,2,0,0,0,0,0,1,0
243,512,0,0,0,2,4,8,2,2,8,0,0,4,0,0,0,0,0,1,0
244,512,4,8,4,4,8,0,0,4,0,0,0,0,0,0,0,1,0,0,0
245,512,4,8,4,8,8,0,0,0,2,0,0,0,0,0,0,1,0,0,0
246,512,4,8,4,16,4,0,0,2,0,0,0,0,0,0,0,0,0,1,0
247,512,8,8,4,16,0,2,0,2,0,0,0,0,0,0,0,1,0,0,0
248,512,16,4,0,16,2,0,0,2,0,0,0,2,0,0,0,0,0,1,0
249,512,16,4,2,16,2,0,0,4,0,0,0,0,0,0,0,1,0,0,0
250,512,16,4,2,0,0,16,2,0,0,0,4,0,0,0,2,0,0,0,1
251,512,16,4,4,2,0,16,4,0,0,0,2,0,0,0,0,1,0,0,0
252,512,16,8,0,2,16,4,0,4,0,0,0,0,0,0,0,0,0,1,0
253,512,32,8,0,2,0,4,0,4,0,2,0,0,0,0,0,1,0,0,0
254,512,32,8,0,4,4,0,0,4,2,0,0,0,0,0,0,0,0,1,0
255,512,32,8,2,8,4,0,0,0,2,0,0,0,0,0,0,1,0,0,0
256,512,32,8,2,0,0,8,4,0,0,4,2,0,0,0,0,0,0,0,1
257,512,32,16,2,0,2,4,4,0,0,0,2,0,0,0,0,1,0,0,0
258,512,32,16,2,2,8,0,0,4,0,0,0,0,0,0,0,0,0,1,0
259,512,32,16,2,0,0,2,8,0,0,4,2,0,0,0,0,0,0,0,1
260,512,32,16,2,0,2,2,8,0,0,4,2,0,0,0,0,1,0,0,0
261,512,32,16,2,4,8,0,0,2,4,2,0,0,0,0,0,0,0,1,0
262,512,32,16,2,4,8,2,0,4,4,0,0,0,0,0,0,1,0,0,0
263,512,32,16,2,0,4,8,2,0,0,0,8,0,0,0,2,0,0,0,1
264,512,32,16,4,2,4,8,8,0,0,0,2,0,0,0,0,1,0,0,0
265,512,32,16,4,2,4,16,0,4,0,0,0,0,0,0,0,0,0,1,0
266,512,32,32,4,2,4,0,0,4,0,0,0,2,0,0,0,1,0,0,0
267,512,64,4,0,2,4,0,0,4,2,0,0,2,0,0,0,0,0,1,0
268,512,64,4,4,2,4,0,0,4,2,0,0,2,0,0,0,1,0,0,0
269,512,64,8,0,2,4,0,0,4,4,0,0,2,0,0,0,0,0,1,0
270,512,64,8,2,2,8,0,0,4,0,0,0,2,0,0,0,1,0,0,0
271,512,64,8,2,0,2,8,2,0,0,0,4,0,0,0,2,0,0,0,1
272,512,64,16,4,2,2,0,4,0,0,0,2,0,0,0,0,1,0,0,0
273,512,64,16,8,2,2,2,2,0,0,0,0,0,0,0,0,1,0,0,0
274,512,64,16,8,0,0,4,4,0,0,0,0,0,0,0,2,0,0,0,1
275,512,64,16,8,0,0,2,8,0,0,0,0,0,0,0,2,0,0,0,1
276,512,64,16,16,2,0,2,2,0,0,0,0,0,0,0,0,1,0,0,0
277,512,64,32,0,4,2,0,0,4,0,0,0,0,0,0,0,0,0,1,0
278,512,64,32,0,8,2,4,0,0,0,0,0,0,0,0,0,1,0,0,0
279,512,64,32,2,8,2,4,0,0,0,0,0,0,0,0,0,1,0,0,0
280,512,64,32,2,8,4,4,0,0,0,0,0,0,0,0,0,1,0,0,0
281,512,64,32,2,8,8,0,0,2,0,0,0,0,0,0,0,0,0,1,0
282,512,64,32,4,8,8,0,0,2,0,0,0,0,0,0,0,1,0,0,0
283,512,64,32,4,0,0,16,2,0,0,0,2,0,0,0,0,0,0,0,1
284,512,64,32,4,2,0,16,4,0,0,0,0,0,0,0,0,1,0,0,0
285,512,64,32,8,4,0,16,0,0,0,0,0,0,0,0,0,1,0,0,0
286,512,64,32,8,0,0,4,16,0,0,0,2,0,0,0,0,0,0,0,1
287,512,64,32,8,0,0,4,16,0,0,0,2,0,0,0,4,0,0,0,1
288,512,64,32,8,0,2,4,16,0,0,0,2,0,0,0,4,1,0,0,0
289,512,64,32,8,0,2,4,16,0,0,2,2,0,0,0,4,1,0,0,0
290,512,64,32,8,2,4,16,0,4,2,0,0,4,0,0,0,0,0,1,0
291,512,64,32,8,2,4,16,0,8,2,2,0,0,0,0,0,1,0,0,0
292,512,64,32,8,2,4,16,2,8,2,2,0,0,0,0,0,1,0,0,0
293,512,64,32,8,2,4,16,4,8,2,2,0,0,0,0,0,1,0,0,0
294,512,64,32,8,2,4,16,4,0,0,8,4,0,0,0,2,0,0,0,1
295,512,64,32,8,4,4,16,8,0,0,8,2,0,0,0,0,1,0,0,0
296,512,64,32,16,4,4,16,4,0,0,8,0,0,0,0,0,1,0,0,0
297,512,64,32,16,4,8,16,4,0,0,8,0,0,0,0,0,1,0,0,0
298,512,64,32,16,4,8,16,4,8,0,0,0,2,0,0,0,0,0,1,0
299,512,64,32,16,4,8,16,8,8,0,0,0,2,0,0,0,1,0,0,0
300,512,64,32,16,4,8,16,8,8,0,0,2,2,0,0,0,1,0,0,0
301,512,64,32,16,4,8,16,8,8,0,2,2,2,0,0,0,1,0,0,0
302,512,64,32,16,4,8,16,8,0,0,8,4,0,0,0,4,0,0,0,1
303,512,64,32,16,8,8,16,8,0,0,8,8,0,0,0,0,1,0,0,0
304,512,64,32,16,8,8,16,16,0,2,8,0,0,0,0,0,1,0,0,0
305,512,64,32,32,8,8,16,0,0,4,8,0,0,0,0,0,1,0,0,0
306,512,64,64,0,16,16,0,0,4,8,0,0,4,0,0,0,0,0,1,0
307,512,128,0,0,32,2,0,0,4,8,0,0,4,0,0,0,0,0,1,0
308,512,128,0,0,32,4,0,0,4,8,0,0,4,0,0,0,0,0,1,0
309,512,128,0,2,32,4,0,0,8,8,0,0,0,0,0,0,1,0,0,0
310,512,128,4,0,32,4,0,0,16,0,0,0,0,0,0,0,0,0,1,0
311,512,128,4,2,0,0,32,4,0,0,0,16,0,0,0,0,0,0,0,1
312,512,128,4,2,2,32,4,0,16,0,0,0,0,0,0,0,0,0,1,0
313,512,128,8,4,2,32,0,0,16,0,0,0,0,0,0,0,1,0,0,0
314,512,128,8,4,0,0,2,32,0,0,0,16,0,0,0,2,0,0,0,1
315,512,128,8,4,0,2,2,32,0,0,0,16,0,0,0,2,1,0,0,0
316,512,128,8,4,0,0,4,32,0,0,2,16,0,0,0,2,0,0,0,1
317,512,128,8,4,2,4,32,0,2,16,0,0,2,0,0,0,0,0,1,0
318,512,128,8,4,4,4,32,0,2,16,0,0,0,2,0,0,1,0,0,0
319,512,128,8,4,8,32,0,0,2,16,2,0,2,0,0,0,0,0,1,0
320,512,128,8,8,8,32,2,0,4,16,0,0,0,0,0,0,1,0,0,0
321,512,128,16,0,8,32,2,4,4,16,0,0,0,0,0,0,0,0,1,0
322,512,128,16,4,8,32,2,2,4,16,0,0,0,0,0,0,1,0,0,0
323,512,128,16,4,0,8,32,4,0,4,16,2,0,0,0,0,0,0,0,1
324,512,128,16,8,2,8,32,2,0,4,16,0,0,0,0,0,1,0,0,0
325,512,128,16,8,2,8,32,2,4,16,0,0,4,0,0,0,0,0,1,0
326,512,128,16,8,2,8,32,2,8,16,2,0,0,0,0,0,1,0,0,0
327,512,128,16,8,2,8,32,2,0,8,16,4,0,0,0,0,0,0,0,1
328,512,128,16,8,2,16,32,2,0,0,16,4,0,0,2,0,1,0,0,0
329,512,128,16,8,2,16,32,2,16,4,0,0,4,0,0,0,0,0,1,0
330,512,128,16,8,2,16,32,2,0,16,4,2,0,0,0,4,0,0,0,1
331,512,128,16,8,4,32,32,4,0,0,4,4,0,0,0,0,1,0,0,0
332,512,128,16,8,4,32,32,8,2,0,4,0,0,0,0,0,1,0,0,0
333,512,128,16,16,4,32,32,0,2,2,4,0,0,0,0,0,1,0,0,0
334,512,128,32,0,4,64,0,0,4,4,2,0,0,0,0,0,0,0,1,0
335,512,128,32,0,8,64,2,0,2,4,0,0,0,0,0,0,1,0,0,0
336,512,128,32,0,8,64,2,0,2,4,0,0,2,0,0,0,0,0,1,0
337,512,128,32,2,8,64,2,0,4,4,0,0,0,0,0,0,1,0,0,0
338,512,128,32,4,8,64,2,0,4,4,0,0,0,0,0,0,1,0,0,0
339,512,128,32,4,8,64,2,0,8,0,0,0,2,0,0,0,0,0,1,0
340,512,128,32,4,16,64,4,0,2,0,0,0,0,0,0,0,1,0,0,0
341,512,128,32,4,16,64,4,0,4,0,0,0,0,0,0,0,0,0,1,0
342,512,128,32,4,16,64,4,2,0,0,0,4,0,0,0,0,0,0,0,1
343,512,128,32,4,16,64,4,2,2,4,0,0,0,0,0,0,0,0,1,0
344,512,128,32,4,16,64,4,2,4,4,0,0,0,0,0,0,1,0,0,0
345,512,128,32,4,16,64,4,2,8,0,0,0,2,0,0,0,0,0,1,0
346,512,128,32,4,16,64,4,2,0,0,8,4,0,0,0,2,0,0,0,1
347,512,128,32,4,16,64,4,2,2,8,4,0,2,0,0,0,0,0,1,0
348,512,128,32,4,16,64,8,2,4,8,0,0,0,2,0,0,1,0,0,0
349,512,128,32,4,16,64,8,2,4,8,0,0,4,0,0,0,0,0,1,0
350,512,128,32,4,16,64,8,4,8,8,0,0,0,0,0,0,1,0,0,0
351,512,128,32,8,16,64,8,4,8,8,0,0,0,0,0,0,1,0,0,0
352,512,128,32,8,16,64,8,4,8,8,0,2,0,0,0,0,1,0,0,0
353,512,128,32,8,16,64,8,4,8,8,0,4,0,0,0,0,1,0,0,0
354,512,128,32,8,16,64,8,8,8,8,2,0,0,0,0,0,1,0,0,0
355,512,128,32,16,16,64,8,2,8,8,2,0,0,0,0,0,1,0,0,0
356,512,128,32,16,16,64,8,2,0,0,16,2,0,0,0,2,0,0,0,1
357,512,128,32,16,16,64,8,4,0,2,16,2,0,0,0,0,1,0,0,0
358,512,128,32,16,16,64,8,4,0,2,16,2,0,0,0,2,0,0,0,1
359,512,128,32,16,16,64,8,4,2,2,16,4,0,0,0,0,1,0,0,0
360,512,128,32,16,16,64,8,8,2,2,16,0,0,0,2,0,1,0,0,0
361,512,128,32,16,0,16,64,16,0,4,16,2,0,0,0,2,0,0,0,1
362,512,128,32,32,2,16,64,4,0,4,16,0,0,0,0,0,1,0,0,0
363,512,128,64,0,2,16,64,4,4,16,0,0,2,0,0,0,0,0,1,0
364,512,128,128,4,2,32,2,0,4,0,0,0,2,0,0,0,1,0,0,0
365,512,256,4,0,2,32,2,0,4,0,0,0,4,0,0,0,0,0,1,0
366,512,256,4,2,2,32,2,0,8,0,0,0,0,0,0,0,1,0,0,0
367,512,256,4,2,0,2,32,2,0,0,0,8,0,0,0,2,0,0,0,1
368,512,256,4,4,0,4,32,8,0,0,0,2,0,0,0,0,1,0,0,0
369,512,256,8,0,4,32,8,0,2,0,0,0,2,0,0,0,0,0,1,0
370,512,256,16,4,4,32,0,0,4,0,0,0,0,0,0,0,1,0,0,0
371,512,256,16,4,0,4,32,2,0,0,0,4,0,0,0,0,0,0,0,1
372,512,256,16,4,2,4,32,2,4,0,0,0,0,0,0,0,0,0,1,0
373,512,256,16,4,2,4,32,2,4,0,2,0,0,0,0,0,1,0,0,0
374,512,256,16,4,2,4,32,2,0,0,4,2,0,0,0,2,0,0,0,1
375,512,256,16,4,2,4,32,4,0,2,4,2,0,0,0,0,1,0,0,0
376,512,256,16,8,4,4,32,2,0,2,4,0,0,0,0,0,1,0,0,0
377,512,256,16,8,4,4,32,2,0,4,4,0,0,0,0,0,1,0,0,0
378,512,256,16,8,4,8,32,4,0,0,4,0,0,0,0,0,1,0,0,0
379,512,256,16,8,4,8,32,4,0,0,4,2,0,0,0,0,1,0,0,0
380,512,256,16,8,4,8,32,4,0,0,4,2,0,0,0,2,0,0,0,1
381,512,256,16,8,4,8,32,4,2,0,4,4,0,0,0,0,1,0,0,0
382,512,256,16,8,4,8,32,8,2,0,8,0,0,0,0,0,1,0,0,0
383,512,256,16,16,4,8,32,0,2,2,8,0,0,0,0,0,1,0,0,0
384,512,256,32,0,4,8,32,0,4,8,0,0,2,0,0,0,0,0,1,0
385,512,256,64,0,8,16,2,0,2,0,0,0,0,0,0,0,1,0,0,0
386,512,256,64,0,8,16,2,0,4,0,0,0,0,0,0,0,0,0,1,0
387,512,256,64,2,8,16,2,0,4,0,0,0,0,0,0,0,1,0,0,0
388,512,256,64,4,8,16,2,0,4,0,0,0,0,0,0,0,1,0,0,0
389,512,256,64,4,8,16,4,0,4,0,0,0,0,0,0,0,1,0,0,0
390,512,256,64,4,0,8,16,4,0,0,0,4,0,0,0,4,0,0,0,1
391,512,256,64,8,0,8,16,8,0,0,2,0,0,0,0,0,1,0,0,0
392,512,256,64,16,2,8,16,0,0,0,2,0,0,0,0,0,1,0,0,0
393,512,256,64,16,0,2,8,16,0,0,0,2,0,0,0,2,0,0,0,1
394,512,256,64,32,4,2,8,4,0,0,0,0,0,0,0,0,1,0,0,0
395,512,256,64,32,4,2,8,4,0,0,2,0,0,0,0,0,1,0,0,0
396,512,256,64,32,4,2,8,4,0,0,4,2,0,0,0,0,0,0,0,1
397,512,256,64,32,4,4,8,4,0,0,4,2,0,0,0,0,1,0,0,0
398,512,256,64,32,0,8,8,4,0,0,4,2,0,0,0,2,0,0,0,1
399,512,256,64,32,0,2,16,4,0,0,4,2,0,0,0,2,0,0,0,1
400,512,256,64,32,2,2,16,4,0,0,4,4,0,0,0,0,1,0,0,0
401,512,256,64,32,2,4,16,8,0,0,4,0,0,0,0,0,1,0,0,0
402,512,256,64,32,2,4,16,8,0,0,0,4,0,0,0,2,0,0,0,1
403,512,256,64,32,2,4,16,8,2,4,0,0,2,0,0,0,0,0,1,0
404,512,256,64,32,4,8,16,8,2,0,2,0,0,0,0,0,1,0,0,0
405,512,256,64,32,4,8,16,8,4,0,2,0,0,0,0,0,1,0,0,0
406,512,256,64,32,8,8,16,8,0,0,4,0,0,0,0,0,1,0,0,0
407,512,256,64,32,0,16,16,8,0,0,2,4,0,0,0,0,0,0,0,1
408,512,256,64,32,0,0,32,8,0,0,2,4,0,0,0,2,0,0,0,1
409,512,256,64,32,4,32,8,0,2,4,0,0,2,0,0,0,0,0,1,0
410,512,256,64,32,4,32,8,0,4,4,2,0,0,0,0,0,1,0,0,0
411,512,256,64,32,0,4,32,8,0,0,8,4,0,0,0,0,0,0,0,1
412,512,256,64,32,2,4,32,8,8,4,0,0,0,0,0,0,0,0,1,0
413,512,256,64,32,2,8,32,8,8,2,0,0,0,0,0,0,1,0,0,0
414,512,256,64,32,2,8,32,8,0,0,8,4,0,0,0,0,0,0,0,1
415,512,256,64,32,2,8,32,8,0,0,8,8,0,0,0,0,1,0,0,0
416,512,256,64,32,2,8,32,16,0,2,8,0,0,0,0,0,1,0,0,0
417,512,256,64,32,2,8,32,16,0,0,2,8,0,0,0,2,0,0,0,1
418,512,256,64,32,4,8,32,16,0,0,2,8,0,0,0,2,1,0,0,0
419,512,256,64,32,4,8,32,16,0,0,2,8,0,0,0,4,0,0,0,1
420,512,256,64,32,4,8,32,16,2,0,2,8,0,0,0,4,1,0,0,0
421,512,256,64,32,4,8,32,16,2,0,4,8,0,0,0,4,1,0,0,0
422,512,256,64,32,4,8,32,16,0,2,4,8,0,0,2,4,0,0,0,1
423,512,256,64,32,4,8,32,16,2,4,8,0,4,2,4,0,0,0,1,0
424,512,256,64,32,4,8,32,16,2,4,8,2,0,4,2,4,0,0,0,1
425,512,256,64,32,4,8,32,16,4,8,8,2,0,0,2,4,1,0,0,0
426,512,256,64,32,8,16,32,16,0,2,8,2,0,0,2,4,1,0,0,0
427,512,256,64,32,8,16,32,16,4,8,2,0,2,4,0,0,0,0,1,0
428,512,256,64,32,8,16,32,16,4,8,2,2,2,4,0,0,1,0,0,0
429,512,256,64,32,8,16,32,16,0,4,8,4,0,2,4,2,0,0,0,1
430,512,256,64,32,8,16,32,16,2,4,8,4,2,4,2,0,0,0,1,0
431,512,256,64,32,8,16,32,16,4,8,8,4,0,0,2,2,1,0,0,0
432,512,256,64,32,8,16,32,16,4,16,4,0,4,2,0,0,0,0,1,0
433,512,256,64,32,8,32,32,16,8,2,4,0,0,0,2,0,1,0,0,0
434,512,256,64,32,0,8,64,16,0,8,2,4,0,0,0,4,0,0,0,1
435,512,256,128,32,0,16,4,16,0,0,0,8,0,0,0,0,1,0,0,0
436,512,256,128,32,16,4,16,0,8,0,0,0,2,0,0,0,0,0,1,0
437,512,256,128,32,16,4,16,2,8,0,0,0,2,0,0,0,1,0,0,0
438,512,256,128,32,16,4,16,4,8,0,0,0,2,0,0,0,1,0,0,0
439,512,256,128,32,16,4,16,4,0,0,8,2,0,0,0,2,0,0,0,1
440,512,256,128,32,16,4,16,4,0,0,8,4,0,0,2,0,1,0,0,0
441,512,256,128,32,16,4,16,8,0,2,8,0,0,0,2,0,1,0,0,0
442,512,256,128,32,16,4,16,8,0,0,4,8,0,0,0,2,0,0,0,1
443,512,256,128,32,16,4,16,16,0,0,4,2,0,0,2,0,1,0,0,0
444,512,256,128,32,0,16,4,32,0,0,4,2,0,0,0,4,0,0,0,1
445,512,256,128,64,0,16,8,2,0,0,4,4,0,0,0,0,1,0,0,0
446,512,256,128,64,16,8,2,0,8,0,0,0,4,0,0,0,0,0,1,0
447,512,256,128,64,16,8,4,0,8,0,0,0,4,0,0,0,1,0,0,0
448,512,256,128,64,0,16,8,4,0,0,8,2,0,0,0,4,0,0,0,1
449,512,256,128,64,0,16,16,4,0,2,0,2,0,0,0,4,1,0,0,0
450,512,256,128,64,0,16,16,4,0,2,2,2,0,0,0,4,1,0,0,0
451,512,256,128,64,0,0,32,4,0,0,2,4,0,0,2,4,0,0,0,1
452,512,256,128,64,2,0,32,8,0,0,4,4,0,0,0,0,1,0,0,0
453,512,256,128,64,0,2,32,8,0,0,0,8,0,0,0,2,0,0,0,1
454,512,256,128,64,2,2,32,16,0,0,0,2,0,0,0,0,1,0,0,0
455,512,256,128,64,4,2,32,16,0,0,0,2,0,0,0,0,1,0,0,0
456,512,256,128,64,4,2,32,16,0,0,0,2,0,0,0,2,0,0,0,1
457,512,256,128,64,4,2,32,16,0,0,2,4,0,0,0,0,1,0,0,0
458,512,256,128,64,4,2,32,16,0,0,4,4,0,0,0,0,1,0,0,0
459,512,256,128,64,4,2,32,16,0,0,2,8,0,0,0,0,0,0,0,1
460,512,256,128,64,4,2,32,16,0,0,4,8,0,0,0,0,0,0,0,1
461,512,256,128,64,4,2,32,16,4,8,0,0,2,0,0,0,0,0,1,0
462,512,256,128,64,4,2,32,16,0,0,4,8,0,0,0,4,0,0,0,1
463,512,256,128,64,4,4,32,16,0,0,4,8,0,0,0,4,1,0,0,0
464,512,256,128,64,0,8,32,16,0,2,4,8,0,0,0,4,0,0,0,1
465,512,256,128,64,0,8,32,16,0,2,4,8,0,0,2,4,0,0,0,1
466,512,256,128,64,2,8,32,16,0,2,4,8,0,0,2,4,1,0,0,0
467,512,256,128,64,2,8,32,16,0,2,4,8,0,0,4,4,0,0,0,1
468,512,256,128,64,4,8,32,16,0,2,8,8,0,0,0,4,1,0,0,0
469,512,256,128,64,4,8,32,16,0,0,2,16,0,0,2,4,0,0,0,1
470,512,256,128,64,4,8,32,32,0,4,4,4,0,0,0,0,1,0,0,0
471,512,256,128,64,0,4,8,64,0,2,4,8,0,0,0,0,0,0,0,1
472,512,256,128,128,0,4,8,8,0,2,4,0,0,0,2,0,1,0,0,0
473,512,256,256,0,4,16,0,0,2,4,0,0,4,0,0,0,0,0,1,0
474,512,512,0,0,4,16,0,0,2,4,2,0,4,0,0,0,0,0,1,0
475,1024,0,0,0,4,16,0,0,2,4,4,0,4,0,0,0,0,0,1,0
476,1024,16,2,0,4,4,4,0,2,0,0,0,4,0,0,0,1,0,0,0
477,1024,16,2,0,8,4,0,0,4,0,0,0,4,0,0,0,0,0,1,0
478,1024,16,2,4,8,4,0,0,8,0,0,0,0,0,0,0,1,0,0,0
479,1024,16,2,4,8,4,0,0,8,2,0,0,0,0,0,0,0,0,1,0
480,1024,16,4,4,16,4,0,0,0,2,0,0,0,0,0,0,1,0,0,0
481,1024,16,8,0,16,4,0,0,4,0,0,0,0,0,0,0,0,0,1,0
482,0,1024,16,8,0,16,4,2,0,0,0,4,0,0,0,0,0,0,0,1
483,1024,16,8,0,2,16,4,2,4,0,0,0,0,0,0,0,0,0,1,0
484,1024,32,8,4,2,0,4,0,4,0,0,0,0,0,0,0,1,0,0,0
485,1024,32,8,4,2,4,2,0,4,0,0,0,0,0,0,0,0,0,1,0
486,1024,32,8,4,2,4,2,0,4,2,0,0,0,0,0,0,1,0,0,0
487,1024,32,8,4,0,2,4,2,0,0,4,2,0,0,0,2,0,0,0,1
488,1024,32,8,4,0,4,8,4,0,0,0,2,0,0,0,0,1,0,0,0
489,1024,32,16,8,0,4,0,4,0,0,0,0,0,0,0,0,1,0,0,0
490,1024,32,16,8,0,4,2,4,0,0,0,0,0,0,0,0,1,0,0,0
491,1024,32,16,8,0,4,2,4,0,0,0,2,0,0,0,0,0,0,0,1
492,1024,32,16,8,0,4,2,4,0,0,0,4,0,0,0,0,1,0,0,0
493,1024,32,16,8,0,4,4,8,0,0,0,0,0,0,0,0,1,0,0,0
494,1024,32,16,16,2,4,4,0,0,0,0,0,0,0,0,0,1,0,0,0
495,1024,32,32,0,2,8,0,0,0,0,0,0,2,0,0,0,0,0,1,0
496,1024,32,32,0,4,8,2,0,0,0,0,0,0,0,0,0,1,0,0,0
497,1024,64,0,0,4,8,2,0,0,0,0,0,2,0,0,0,0,0,1,0
498,1024,64,2,0,4,8,0,0,4,0,0,0,0,0,0,0,1,0,0,0
499,1024,64,2,0,8,8,0,0,2,0,0,0,0,0,0,0,1,0,0,0
500,1024,64,2,0,16,0,0,0,2,0,0,0,2,0,0,0,0,0,1,0
501,1024,64,2,2,16,0,0,0,4,0,0,0,0,0,0,0,1,0,0,0
502,1024,64,4,0,16,0,0,0,4,0,0,0,2,0,0,0,0,0,1,0
503,1024,64,4,0,16,0,2,0,4,0,0,0,2,0,0,0,1,0,0,0
504,1024,64,4,0,16,4,0,0,4,0,0,0,2,0,0,0,0,0,1,0
505,1024,64,4,2,16,4,0,0,4,0,0,0,2,0,0,0,1,0,0,0
506,1024,64,4,4,16,4,0,0,4,0,0,0,2,0,0,0,1,0,0,0
507,1024,64,8,0,16,4,2,0,4,0,0,0,2,0,0,0,0,0,1,0
508,1024,64,8,2,16,4,2,0,4,0,0,0,2,0,0,0,1,0,0,0
509,1024,64,8,2,0,16,4,2,0,0,4,2,0,0,0,2,0,0,0,1
510,1024,64,8,4,2,16,8,4,0,0,0,0,0,0,0,0,1,0,0,0
511,1024,64,16,8,2,16,0,2,0,0,0,0,0,0,0,0,1,0,0,0
512,1024,64,16,8,0,2,16,2,0,0,0,0,0,0,0,2,0,0,0,1
513,1024,64,32,8,0,2,2,4,0,0,0,0,0,0,0,0,1,0,0,0
514,1024,64,32,8,0,0,4,4,0,0,0,0,0,0,0,2,0,0,0,1
515,1024,64,32,8,0,2,4,4,0,0,0,2,0,0,0,0,1,0,0,0
516,1024,64,32,8,0,0,2,8,0,0,0,2,0,0,0,2,0,0,0,1
517,1024,64,32,16,0,0,4,4,0,0,0,0,0,0,0,0,1,0,0,0
518,1024,64,32,16,0,0,0,8,0,0,0,2,0,0,0,0,0,0,0,1
519,1024,64,32,16,0,0,0,8,0,0,0,4,0,0,0,0,1,0,0,0
520,1024,64,32,16,0,0,4,8,0,0,0,4,0,0,0,0,0,0,0,1
521,1024,64,32,16,0,0,4,8,0,0,2,4,0,0,0,0,1,0,0,0
522,1024,64,32,16,4,8,0,0,2,4,0,0,2,0,0,0,0,0,1,0
523,1024,64,32,16,0,0,4,8,0,2,4,2,0,0,0,2,0,0,0,1
524,1024,64,32,16,0,4,8,8,0,0,0,4,0,0,0,0,1,0,0,0
525,1024,64,32,16,0,0,4,16,0,0,2,4,0,0,0,0,0,0,0,1
526,1024,64,32,32,0,0,4,4,0,0,4,0,0,0,0,0,1,0,0,0
527,1024,64,64,0,8,0,0,0,4,0,0,0,2,0,0,0,0,0,1,0
528,1024,128,0,0,8,0,0,0,4,2,0,0,2,0,0,0,0,0,1,0
529,1024,128,2,0,8,2,0,0,4,0,0,0,2,0,0,0,1,0,0,0
530,1024,128,2,0,8,4,0,0,4,0,0,0,2,0,0,0,1,0,0,0
531,1024,128,2,2,8,4,0,0,4,0,0,0,2,0,0,0,1,0,0,0
532,1024,128,2,4,8,4,0,0,4,0,0,0,2,0,0,0,1,0,0,0
533,1024,128,2,4,8,4,2,0,4,0,0,0,2,0,0,0,0,0,1,0
534,1024,128,4,4,8,4,2,0,4,0,0,0,2,0,0,0,1,0,0,0
535,1024,128,8,0,8,4,4,0,4,0,0,0,2,0,0,0,0,0,1,0
536,1024,128,8,2,8,8,0,0,4,0,0,0,2,0,0,0,0,0,1,0
537,1024,128,8,2,16,2,0,0,4,0,0,0,2,0,0,0,0,0,1,0
538,1024,128,8,2,16,2,4,0,4,0,0,0,2,0,0,0,1,0,0,0
539,1024,128,8,2,16,2,4,0,4,0,0,0,4,0,0,0,0,0,1,0
540,1024,128,8,4,16,2,4,0,8,0,0,0,0,0,0,0,1,0,0,0
541,1024,128,8,4,0,16,2,4,0,0,8,2,0,0,0,0,0,0,0,1
542,1024,128,8,8,0,16,2,2,0,2,8,0,0,0,0,0,1,0,0,0
543,1024,128,16,0,16,4,0,0,2,8,0,0,2,0,0,0,0,0,1,0
544,1024,128,16,0,16,4,2,0,4,8,0,0,0,0,0,0,1,0,0,0
545,1024,128,16,2,16,4,2,0,4,8,0,0,0,0,0,0,1,0,0,0
546,1024,128,16,4,16,4,2,0,4,8,0,0,0,0,0,0,1,0,0,0
547,1024,128,16,4,0,16,4,2,0,0,4,8,0,0,0,2,0,0,0,1
548,1024,128,16,4,0,16,8,2,0,0,2,8,0,0,0,2,1,0,0,0
549,1024,128,16,4,2,16,8,2,2,8,0,0,2,0,0,0,0,0,1,0
550,1024,128,16,4,2,16,8,2,0,0,2,8,0,0,0,4,0,0,0,1
551,1024,128,16,4,2,16,8,2,2,8,0,0,2,4,0,0,0,0,1,0
552,1024,128,16,4,2,16,8,2,0,2,8,2,0,0,2,4,0,0,0,1
553,1024,128,16,4,4,16,16,4,0,2,2,4,0,0,0,0,1,0,0,0
554,1024,128,32,8,4,16,4,4,0,2,0,0,0,0,0,0,1,0,0,0
555,1024,128,32,8,0,4,16,8,0,0,0,4,0,0,0,0,0,0,0,1
556,1024,128,32,16,4,4,16,4,0,0,0,0,0,0,0,0,1,0,0,0
557,1024,128,32,16,0,8,16,4,0,0,0,0,0,0,0,2,0,0,0,1
558,1024,128,32,16,2,8,16,4,0,0,0,2,0,0,0,0,1,0,0,0
559,1024,128,32,16,2,8,16,4,0,0,0,4,0,0,0,0,0,0,0,1
560,1024,128,32,16,2,8,16,8,0,0,0,2,0,0,0,0,1,0,0,0
561,1024,128,32,16,2,8,16,8,0,0,4,2,0,0,0,0,0,0,0,1
562,1024,128,32,16,2,8,16,8,0,0,4,2,0,0,0,2,0,0,0,1
563,1024,128,32,16,2,8,16,8,4,0,4,4,0,0,0,0,1,0,0,0
564,1024,128,32,16,2,8,16,8,0,0,4,8,0,0,0,2,0,0,0,1
565,1024,128,32,16,2,8,16,16,0,2,4,2,0,0,0,0,1,0,0,0
566,1024,128,32,32,4,8,16,2,0,2,4,0,0,0,0,0,1,0,0,0
567,1024,128,64,0,4,8,16,2,2,4,0,0,2,0,0,0,0,0,1,0
568,1024,128,64,2,4,8,16,4,4,4,0,0,0,0,0,0,1,0,0,0
569,1024,128,64,2,8,8,16,4,0,4,0,0,0,2,0,0,1,0,0,0
570,1024,128,64,2,0,16,16,4,0,0,0,4,0,0,0,4,0,0,0,1
571,1024,128,64,2,32,4,0,0,2,4,0,0,4,0,0,0,0,0,1,0
572,1024,128,64,2,32,8,2,0,2,0,0,0,4,0,0,0,1,0,0,0
573,1024,128,64,2,0,32,8,2,0,0,0,4,0,0,0,4,0,0,0,1
574,1024,128,64,4,0,32,8,8,0,2,0,0,0,0,0,0,1,0,0,0
575,1024,128,64,4,0,0,32,16,0,0,0,2,0,0,0,2,0,0,0,1
576,1024,128,64,4,0,0,32,16,0,0,2,4,0,0,0,0,1,0,0,0
577,1024,128,64,4,32,16,0,0,2,4,0,0,2,0,0,0,0,0,1,0
578,1024,128,64,4,32,16,0,2,4,4,0,0,0,0,0,0,1,0,0,0
579,1024,128,64,4,0,32,16,4,0,0,0,8,0,0,0,0,0,0,0,1
580,1024,128,64,8,0,32,16,8,0,0,2,0,0,0,0,0,1,0,0,0
581,1024,128,64,16,0,32,16,0,0,0,2,0,0,0,4,0,1,0,0,0
582,1024,128,64,16,0,0,32,16,0,0,0,2,0,0,2,4,0,0,0,1
583,1024,128,64,32,0,0,32,2,0,0,4,4,0,0,0,0,1,0,0,0
584,1024,128,64,32,32,2,0,0,2,8,0,0,0,0,0,0,0,0,1,0
585,1024,128,64,32,32,2,0,0,4,8,0,0,0,0,0,0,1,0,0,0
586,1024,128,64,32,0,0,32,2,0,0,4,8,0,0,0,2,0,0,0,1
587,1024,128,64,32,2,32,2,0,4,8,0,0,2,0,0,0,0,0,1,0
588,1024,128,64,32,0,2,32,2,0,0,4,8,0,0,0,4,0,0,0,1
589,1024,128,64,32,4,2,32,2,4,8,0,0,4,0,0,0,0,0,1,0
590,1024,128,64,32,8,2,32,4,4,8,0,0,0,0,0,0,1,0,0,0
591,1024,128,64,32,8,2,32,4,4,8,0,2,0,0,0,0,1,0,0,0
592,1024,128,64,32,8,2,32,4,0,4,8,2,0,0,0,2,0,0,0,1
593,1024,128,64,32,8,2,32,4,2,4,8,4,0,0,0,0,1,0,0,0
594,1024,128,64,32,8,2,32,8,4,4,8,0,0,0,0,0,1,0,0,0
595,1024,128,64,32,8,2,32,8,0,0,8,8,0,0,0,2,0,0,0,1
596,1024,128,64,32,8,2,32,16,2,0,8,2,0,0,0,0,1,0,0,0
597,1024,128,64,32,8,2,32,16,2,0,8,4,0,0,0,0,1,0,0,0
598,1024,128,64,32,8,2,32,16,0,2,8,4,0,0,0,4,0,0,0,1
599,1024,128,64,32,8,4,32,16,0,0,8,8,0,0,4,0,1,0,0,0
600,1024,128,64,32,8,4,32,16,0,0,2,16,0,0,0,4,0,0,0,1
601,1024,128,64,32,8,4,32,32,0,2,2,4,0,0,0,0,1,0,0,0
602,1024,128,64,64,8,4,32,4,0,2,2,0,0,0,4,0,1,0,0,0
603,1024,128,128,0,8,4,32,4,4,2,0,0,4,0,0,0,0,0,1,0
604,1024,256,0,0,8,4,32,4,4,2,4,0,4,0,0,0,0,0,1,0
605,1024,256,32,4,8,4,4,0,8,4,0,0,0,0,0,0,1,0,0,0
606,1024,256,32,4,8,8,0,0,8,4,2,0,0,0,0,0,0,0,1,0
607,1024,256,32,4,16,8,2,2,0,4,0,0,0,0,0,0,1,0,0,0
608,1024,256,32,4,0,16,8,4,0,0,0,4,0,0,0,2,0,0,0,1
609,1024,256,32,8,2,16,8,4,0,0,0,2,0,0,0,0,1,0,0,0
610,1024,256,32,8,2,16,8,4,0,0,0,4,0,0,0,0,1,0,0,0
611,1024,256,32,8,2,16,8,8,0,0,2,0,0,0,0,0,1,0,0,0
612,1024,256,32,16,4,16,8,0,0,0,2,0,0,0,0,0,1,0,0,0
613,1024,256,32,16,4,16,8,2,0,0,0,2,0,0,0,0,0,0,0,1
614,1024,256,32,16,4,16,8,4,0,0,2,0,0,0,0,0,1,0,0,0
615,1024,256,32,16,4,16,8,4,0,0,0,4,0,0,0,0,0,0,0,1
616,1024,256,32,16,4,16,8,8,2,0,0,0,0,0,0,0,1,0,0,0
617,1024,256,32,16,0,4,16,16,0,0,0,2,0,0,0,2,0,0,0,1
618,1024,256,32,32,2,4,16,4,0,0,0,0,0,0,0,0,1,0,0,0
619,1024,256,64,0,2,4,16,4,2,0,0,0,0,0,0,0,0,0,1,0
620,1024,256,64,2,4,4,16,4,0,0,0,0,0,0,0,0,1,0,0,0
621,1024,256,64,2,8,16,4,0,2,0,0,0,0,0,0,0,0,0,1,0
622,1024,256,64,4,8,16,4,0,2,0,0,0,0,0,0,0,1,0,0,0
623,1024,256,64,4,0,8,16,4,0,0,0,4,0,0,0,0,0,0,0,1
624,1024,256,64,8,0,8,16,4,0,0,2,0,0,0,0,0,1,0,0,0
625,1024,256,64,8,0,8,16,4,0,0,0,2,0,0,0,2,0,0,0,1
626,1024,256,64,8,0,8,16,4,0,2,0,4,0,0,0,0,1,0,0,0
627,1024,256,64,8,0,8,16,8,0,2,0,2,0,0,0,0,1,0,0,0
628,1024,256,64,16,2,8,16,2,0,2,0,0,0,0,0,0,1,0,0,0
629,1024,256,64,16,2,8,16,4,0,2,0,0,0,0,0,0,1,0,0,0
630,1024,256,64,16,2,8,16,4,0,0,0,2,0,0,0,2,0,0,0,1
631,1024,256,64,16,4,8,16,4,0,0,0,4,0,0,0,0,1,0,0,0
632,1024,256,64,16,4,8,16,8,0,0,0,2,0,0,0,0,1,0,0,0
633,1024,256,64,16,4,8,16,8,0,0,0,2,0,0,0,2,0,0,0,1
634,1024,256,64,16,4,8,16,8,0,2,0,4,0,0,0,0,1,0,0,0
635,1024,256,64,16,4,8,16,8,0,0,2,4,0,0,0,2,0,0,0,1
636,1024,256,64,16,4,8,16,8,0,0,4,4,0,0,0,2,1,0,0,0
637,1024,256,64,16,4,8,16,8,0,0,0,8,0,0,0,4,0,0,0,1
638,1024,256,64,16,4,8,16,16,2,0,0,4,0,0,0,0,1,0,0,0
639,1024,256,64,32,4,8,16,4,2,0,2,0,0,0,0,0,1,0,0,0
640,1024,256,64,32,4,8,16,4,0,0,2,4,0,0,0,0,0,0,0,1
641,1024,256,64,32,4,8,16,8,2,0,2,0,0,0,0,0,1,0,0,0
642,1024,256,64,32,4,8,16,8,2,0,2,2,0,0,0,0,1,0,0,0
643,1024,256,64,32,4,8,16,8,0,0,2,4,0,0,0,2,0,0,0,1
644,1024,256,64,32,4,8,16,8,4,4,0,0,2,0,0,0,0,0,1,0
645,1024,256,64,32,8,8,16,8,2,4,0,2,0,0,0,0,1,0,0,0
646,1024,256,64,32,8,8,16,8,2,4,0,4,0,0,0,0,1,0,0,0
647,1024,256,64,32,0,16,16,8,0,0,2,8,0,0,0,2,0,0,0,1
648,1024,256,64,32,0,16,16,16,0,2,2,2,0,0,0,0,1,0,0,0
649,1024,256,64,32,2,16,16,16,0,2,2,2,0,0,0,0,1,0,0,0
650,1024,256,64,32,0,2,16,32,0,0,4,4,0,0,0,0,0,0,0,1
651,1024,256,64,64,0,2,16,4,0,0,4,2,0,0,0,0,1,0,0,0
652,1024,256,128,0,4,16,4,0,4,2,0,0,0,0,0,0,0,0,1,0
653,1024,256,128,2,8,16,4,0,0,2,0,0,0,0,0,0,1,0,0,0
654,1024,256,128,4,8,16,4,0,0,2,0,0,0,0,0,0,1,0,0,0
655,1024,256,128,4,0,8,16,4,0,0,0,2,0,0,0,2,0,0,0,1
656,1024,256,128,8,0,8,16,4,0,0,2,0,0,0,0,0,1,0,0,0
657,1024,256,128,8,0,8,16,4,0,0,0,2,0,0,0,2,0,0,0,1
658,1024,256,128,8,0,8,16,4,0,0,2,4,0,0,0,0,1,0,0,0
659,1024,256,128,8,2,8,16,8,0,0,2,0,0,0,0,0,1,0,0,0
660,1024,256,128,16,2,8,16,2,0,0,2,0,0,0,0,0,1,0,0,0
661,1024,256,128,16,2,8,16,2,0,0,0,4,0,0,0,0,0,0,0,1
662,1024,256,128,16,2,8,16,2,4,0,0,0,2,0,0,0,0,0,1,0
663,1024,256,128,16,2,8,16,4,4,0,0,0,2,0,0,0,1,0,0,0
664,1024,256,128,16,2,8,16,4,0,0,4,2,0,0,0,2,0,0,0,1
665,1024,256,128,16,2,8,16,4,0,2,4,4,0,0,0,0,1,0,0,0
666,1024,256,128,16,4,8,16,8,0,2,4,0,0,0,0,0,1,0,0,0
667,1024,256,128,16,4,8,16,8,0,0,2,4,0,0,0,2,0,0,0,1
668,1024,256,128,16,4,8,16,8,0,0,4,4,0,0,0,2,1,0,0,0
669,1024,256,128,16,4,8,16,8,0,0,2,8,0,0,0,2,0,0,0,1
670,1024,256,128,16,4,8,16,16,0,0,2,2,0,0,4,0,1,0,0,0
671,1024,256,128,32,4,8,16,2,0,2,2,0,0,0,4,0,1,0,0,0
672,1024,256,128,32,4,8,16,2,0,0,0,4,0,0,4,2,0,0,0,1
673,1024,256,128,32,4,8,16,2,0,0,0,4,0,2,4,2,0,0,0,1
674,1024,256,128,32,4,8,16,2,2,4,0,0,2,4,2,0,0,0,1,0
675,1024,256,128,32,4,8,16,4,4,8,2,0,0,0,0,0,1,0,0,0
676,1024,256,128,32,4,8,16,4,0,4,8,4,0,0,0,0,0,0,0,1
677,1024,256,128,32,4,8,16,8,0,4,8,0,0,0,2,0,1,0,0,0
678,1024,256,128,32,4,8,16,8,0,0,4,8,0,0,0,4,0,0,0,1
679,1024,256,128,32,4,8,16,16,0,2,4,4,0,0,0,0,1,0,0,0
680,1024,256,128,32,0,4,8,32,0,0,2,8,0,0,0,2,0,0,0,1
681,1024,256,128,64,2,4,8,8,0,0,2,2,0,0,0,0,1,0,0,0
682,1024,256,128,64,0,2,4,16,0,0,0,4,0,0,0,2,0,0,0,1
683,1024,256,128,64,0,4,4,16,0,0,0,4,0,0,0,2,1,0,0,0
684,1024,256,128,64,0,0,8,16,0,0,0,4,0,0,0,4,0,0,0,1
685,1024,256,128,64,2,0,8,16,0,0,0,8,0,0,0,0,1,0,0,0
686,1024,256,128,64,0,2,8,16,0,0,2,8,0,0,0,0,0,0,0,1
687,1024,256,128,64,2,8,16,0,2,8,0,0,2,0,0,0,0,0,1,0
688,1024,256,128,64,0,2,8,16,0,2,8,2,0,0,0,2,0,0,0,1
689,1024,256,128,64,2,4,16,16,0,0,0,4,0,0,0,0,1,0,0,0
690,1024,256,128,64,0,2,4,32,0,0,0,4,0,0,0,2,0,0,0,1
691,1024,256,128,64,0,4,4,32,0,0,0,4,0,0,0,2,1,0,0,0
692,1024,256,128,64,0,0,8,32,0,0,0,4,0,0,0,4,0,0,0,1
693,1024,256,128,64,0,2,8,32,0,0,0,8,0,0,0,0,1,0,0,0
694,1024,256,128,64,0,4,8,32,0,0,0,8,0,0,0,0,1,0,0,0
695,1024,256,128,64,0,4,8,32,0,0,2,8,0,0,0,0,0,0,0,1
696,1024,256,128,64,0,4,8,32,0,0,4,8,0,0,0,0,0,0,0,1
697,1024,256,128,64,2,4,8,32,4,8,0,0,0,0,0,0,0,0,1,0
698,1024,256,128,64,2,4,8,32,0,4,8,2,0,0,0,0,0,0,0,1
699,1024,256,128,64,2,8,16,32,0,0,0,2,0,0,0,4,1,0,0,0
700,1024,256,128,64,2,8,16,32,0,0,2,2,0,0,0,4,1,0,0,0
701,1024,256,128,64,2,8,16,32,0,0,0,4,0,0,2,4,0,0,0,1
702,1024,256,128,64,4,8,16,32,0,0,2,8,0,0,0,0,1,0,0,0
703,1024,256,128,64,8,8,16,32,0,0,2,8,0,0,0,0,1,0,0,0
704,1024,256,128,64,0,16,16,32,0,0,2,8,0,0,0,2,0,0,0,1
705,1024,256,128,64,0,0,32,32,0,0,2,8,0,0,0,4,0,0,0,1
706,1024,256,128,64,0,0,0,64,0,0,2,8,0,0,2,4,0,0,0,1
707,1024,256,128,128,0,4,4,8,0,0,0,4,0,0,0,0,1,0,0,0
708,1024,256,256,0,8,8,0,0,4,0,0,0,2,0,0,0,0,0,1,0
709,1024,512,0,0,16,2,0,0,4,0,0,0,2,0,0,0,0,0,1,0
710,1024,512,0,2,16,2,0,0,4,0,0,0,2,0,0,0,1,0,0,0
711,0,1024,512,2,0,0,16,2,0,0,0,8,0,0,0,2,0,0,0,1
712,1024,512,2,0,16,2,0,0,8,0,0,0,4,2,0,0,0,0,1,0
713,1024,512,4,0,16,4,0,0,8,0,0,0,4,0,0,0,1,0,0,0
714,1024,512,4,0,16,4,2,0,8,0,0,0,4,0,0,0,1,0,0,0
715,0,1024,512,4,0,16,4,2,0,0,8,2,0,0,0,4,0,0,0,1
716,1024,512,4,0,2,16,4,2,8,2,0,0,4,0,0,0,0,0,1,0
717,1024,512,8,2,2,16,2,0,8,2,0,0,4,0,0,0,1,0,0,0
718,1024,512,8,2,0,2,16,2,0,0,8,2,0,0,4,2,0,0,0,1
719,1024,512,8,4,2,2,16,4,0,0,8,0,0,0,4,0,1,0,0,0
720,1024,512,8,8,2,4,16,0,0,0,8,0,0,0,4,0,1,0,0,0
721,1024,512,16,0,2,4,16,2,8,0,0,0,4,0,0,0,0,0,1,0
722,1024,512,32,2,2,4,0,0,8,2,0,0,4,0,0,0,1,0,0,0
723,1024,512,32,2,2,4,0,4,8,2,0,0,4,0,0,0,1,0,0,0
724,1024,512,32,2,2,4,2,4,0,0,8,2,0,0,0,4,0,0,0,1
725,1024,512,32,2,2,4,2,4,8,2,0,0,2,4,0,0,0,0,1,0
726,1024,512,32,2,2,4,2,4,8,4,0,0,2,4,0,0,0,0,1,0
727,1024,512,32,2,2,8,2,4,8,4,0,2,2,0,0,0,1,0,0,0
728,1024,512,32,2,2,8,2,4,8,4,2,0,4,0,0,0,0,0,1,0
729,1024,512,32,2,2,8,4,4,8,4,0,0,4,2,0,0,1,0,0,0
730,1024,512,32,2,2,8,8,0,8,8,0,0,4,2,0,0,0,0,1,0
731,1024,512,32,2,2,16,0,0,16,2,0,0,4,2,0,0,0,0,1,0
732,1024,512,32,2,0,2,16,2,0,0,16,2,0,0,4,2,0,0,0,1
733,1024,512,32,4,0,4,32,4,0,0,4,0,0,0,0,0,1,0,0,0
734,1024,512,64,8,2,4,4,0,0,0,0,0,0,0,0,0,1,0,0,0
735,1024,512,64,8,0,0,2,8,0,0,0,2,0,0,0,0,0,0,0,1
736,1024,512,64,8,0,0,2,8,0,0,0,2,0,0,0,4,0,0,0,1
737,1024,512,64,16,2,0,2,2,0,0,0,4,0,0,0,0,1,0,0,0
738,1024,512,64,16,0,0,2,4,0,0,0,4,0,0,0,2,0,0,0,1
739,1024,512,64,16,0,2,2,8,0,0,0,2,0,0,0,0,1,0,0,0
740,1024,512,64,16,0,0,4,8,0,0,0,2,0,0,0,2,0,0,0,1
741,1024,512,64,16,0,2,4,8,0,0,0,4,0,0,0,0,1,0,0,0
742,1024,512,64,16,0,2,4,8,0,0,0,4,0,0,0,2,0,0,0,1
743,1024,512,64,16,0,2,4,8,0,0,2,4,0,0,0,2,1,0,0,0
744,1024,512,64,16,0,4,4,8,0,0,2,4,0,0,0,2,1,0,0,0
745,1024,512,64,16,0,0,8,8,0,0,2,4,0,0,0,4,0,0,0,1
746,1024,512,64,16,0,0,0,16,0,0,2,4,0,0,2,4,0,0,0,1
747,1024,512,64,32,0,2,4,8,0,0,0,0,0,0,0,0,1,0,0,0
748,1024,512,64,32,0,4,4,8,0,0,0,0,0,0,0,0,1,0,0,0
749,1024,512,64,32,0,2,8,8,0,0,0,0,0,0,0,0,0,0,0,1
750,1024,512,64,32,0,0,2,16,0,0,0,0,0,0,0,2,0,0,0,1
751,1024,512,64,32,0,2,2,16,0,0,0,2,0,0,0,0,1,0,0,0
752,1024,512,64,32,0,2,4,16,0,0,0,2,0,0,0,0,0,0,0,1
753,1024,512,64,32,2,2,4,16,0,0,0,2,0,0,0,0,1,0,0,0
754,1024,512,64,32,0,4,4,16,0,0,0,2,0,0,0,4,0,0,0,1
755,1024,512,64,32,0,0,8,16,0,0,4,2,0,0,0,4,0,0,0,1
756,1024,512,64,32,2,0,8,16,0,0,4,2,0,0,0,4,1,0,0,0
757,1024,512,64,32,0,2,8,16,0,2,4,2,0,0,0,4,0,0,0,1
758,1024,512,64,32,2,4,8,16,0,0,4,2,0,0,0,4,1,0,0,0
759,1024,512,64,32,2,4,8,16,4,2,0,0,2,4,0,0,0,0,1,0
760,1024,512,64,32,2,4,8,16,4,2,0,4,2,4,0,0,1,0,0,0
761,1024,512,64,32,2,4,8,16,0,4,4,4,0,0,2,4,0,0,0,1
762,1024,512,64,32,4,8,8,16,0,0,4,8,0,0,2,0,1,0,0,0
763,1024,512,64,32,0,4,16,16,0,0,4,8,0,0,0,4,0,0,0,1
764,1024,512,64,32,0,2,4,32,0,0,4,8,0,0,0,4,0,0,0,1
765,1024,512,64,64,0,4,8,8,0,0,0,4,0,0,0,0,1,0,0,0
766,1024,512,128,0,4,16,0,0,2,4,0,0,0,0,0,0,0,0,1,0
767,1024,512,128,2,0,0,4,16,0,0,2,4,0,0,0,0,0,0,0,1
768,1024,512,128,2,4,16,0,0,2,4,0,0,4,0,0,0,0,0,1,0
769,1024,512,128,2,0,4,16,4,0,0,2,4,0,0,0,4,0,0,0,1
770,1024,512,128,2,2,4,16,4,2,4,0,0,4,0,0,0,0,0,1,0
771,1024,512,128,2,4,8,16,4,4,0,0,2,0,0,0,0,1,0,0,0
772,1024,512,128,2,8,8,16,4,4,0,0,2,0,0,0,0,1,0,0,0
773,1024,512,128,2,16,16,4,0,4,2,0,0,2,0,0,0,0,0,1,0
774,1024,512,128,2,16,16,8,0,4,2,0,0,2,0,0,0,1,0,0,0
775,1024,512,128,2,32,8,4,0,4,2,0,0,2,0,0,0,0,0,1,0
776,1024,512,128,4,32,8,4,0,4,2,0,0,2,0,0,0,1,0,0,0
777,1024,512,128,4,0,32,8,4,0,0,4,2,0,0,0,4,0,0,0,1
778,1024,512,128,8,0,32,8,2,0,2,4,4,0,0,0,0,1,0,0,0
779,1024,512,128,8,32,8,2,0,2,8,0,0,4,0,0,0,0,0,1,0
780,1024,512,128,8,32,16,4,0,2,0,0,0,4,0,0,0,1,0,0,0
781,1024,512,128,8,0,32,16,4,0,0,0,2,0,0,4,2,0,0,0,1
782,1024,512,128,8,0,32,16,4,0,2,4,4,0,0,0,0,1,0,0,0
783,1024,512,128,8,0,32,16,8,0,2,4,2,0,0,0,0,1,0,0,0
784,1024,512,128,16,2,32,16,2,0,2,4,0,0,0,0,0,1,0,0,0
785,1024,512,128,16,2,32,16,2,0,4,4,0,0,0,0,0,1,0,0,0
786,1024,512,128,16,2,32,16,2,2,8,0,0,0,0,0,0,0,0,1,0
787,1024,512,128,16,4,32,16,4,0,8,0,0,0,0,0,0,1,0,0,0
788,1024,512,128,16,4,32,16,4,0,0,2,8,0,0,0,0,0,0,0,1
789,1024,512,128,16,4,32,16,4,4,2,8,0,0,0,0,0,0,0,1,0
790,1024,512,128,16,8,32,16,4,0,4,8,0,0,0,0,0,1,0,0,0
791,1024,512,128,16,8,32,16,4,4,8,0,0,2,0,0,0,0,0,1,0
792,1024,512,128,16,8,32,16,4,0,4,8,2,0,0,0,2,0,0,0,1
793,1024,512,128,16,8,32,16,4,0,4,8,4,0,0,2,0,1,0,0,0
794,1024,512,128,16,8,32,16,8,0,4,8,0,0,2,2,0,1,0,0,0
795,1024,512,128,16,8,32,16,8,0,0,4,8,0,0,2,4,0,0,0,1
796,1024,512,128,16,8,32,16,16,2,0,4,4,0,0,2,0,1,0,0,0
797,1024,512,128,32,8,32,16,4,2,0,4,2,0,0,2,0,1,0,0,0
798,1024,512,128,32,8,32,16,4,0,2,4,2,0,0,0,4,0,0,0,1
799,1024,512,128,32,8,32,16,4,2,4,2,0,8,0,0,0,0,0,1,0
800,1024,512,128,32,8,32,16,4,0,2,4,2,0,0,8,2,0,0,0,1
801,1024,512,128,32,8,32,16,4,4,2,4,4,0,0,8,0,1,0,0,0
802,1024,512,128,32,8,32,16,4,0,4,2,8,0,0,8,2,0,0,0,1
803,1024,512,128,32,8,32,16,4,2,4,2,8,8,2,0,0,0,0,1,0
804,1024,512,128,32,8,32,16,4,2,4,4,8,8,2,0,0,1,0,0,0
805,1024,512,128,32,8,32,16,4,2,8,8,0,8,4,0,0,0,0,1,0
806,1024,512,128,32,8,32,16,4,0,2,16,2,0,0,8,4,0,0,0,1
807,1024,512,128,32,8,32,32,4,2,2,8,2,0,0,0,4,1,0,0,0
808,1024,512,128,32,8,64,4,0,4,8,2,0,2,4,0,0,0,0,1,0
809,1024,512,128,32,8,64,4,0,4,8,4,0,2,4,0,0,1,0,0,0
810,1024,512,128,32,8,64,8,2,4,8,0,0,2,4,0,0,1,0,0,0
811,1024,512,128,32,8,64,8,4,4,8,0,0,2,4,0,0,1,0,0,0
812,1024,512,128,32,8,64,8,4,0,4,8,4,0,0,2,4,0,0,0,1
813,1024,512,128,32,8,64,16,8,0,4,2,4,0,2,0,0,1,0,0,0
814,1024,512,128,32,8,64,16,8,0,4,2,4,0,0,0,4,0,0,0,1
815,1024,512,128,32,8,64,16,8,0,4,2,8,0,2,0,0,1,0,0,0
816,1024,512,128,32,8,64,16,16,4,4,2,0,0,2,0,0,1,0,0,0
817,1024,512,128,32,0,8,64,32,0,0,8,2,0,0,0,4,0,0,0,1
818,1024,512,128,64,2,8,64,2,0,0,8,4,0,0,0,0,1,0,0,0
819,1024,512,128,64,2,8,64,2,8,4,0,0,4,0,0,0,0,0,1,0
820,1024,512,128,64,2,8,64,2,0,0,8,4,0,0,4,2,0,0,0,1
821,1024,512,128,64,2,8,64,2,2,8,4,0,4,2,0,0,0,0,1,0
822,1024,512,128,64,4,16,64,2,4,2,8,0,0,0,0,0,1,0,0,0
823,1024,512,128,64,8,16,64,2,0,2,8,4,0,0,0,0,1,0,0,0
824,1024,512,128,64,8,16,64,2,2,8,4,0,2,0,0,0,0,0,1,0
825,1024,512,128,64,8,16,64,4,4,8,4,0,0,0,0,0,1,0,0,0
826,1024,512,128,64,8,16,64,4,0,4,8,4,0,0,0,2,0,0,0,1
827,1024,512,128,64,8,16,64,8,2,4,8,2,0,0,0,0,1,0,0,0
828,1024,512,128,64,8,16,64,8,2,4,8,2,0,0,0,2,0,0,0,1
829,1024,512,128,64,8,16,64,8,4,4,8,4,0,0,0,0,1,0,0,0
830,1024,512,128,64,8,16,64,8,0,8,8,4,0,0,0,2,0,0,0,1
831,1024,512,128,64,8,16,64,8,0,0,16,4,0,0,0,4,0,0,0,1
832,1024,512,128,64,8,16,64,8,0,2,16,8,0,0,0,0,1,0,0,0
833,1024,512,128,64,8,16,64,16,0,4,16,0,0,0,0,0,1,0,0,0
834,1024,512,128,64,8,16,64,16,0,0,4,16,0,0,0,4,0,0,0,1
835,1024,512,128,64,8,16,64,32,2,0,4,4,0,0,0,0,1,0,0,0
836,1024,512,128,64,8,16,64,32,0,0,2,8,0,0,0,4,0,0,0,1
837,1024,512,128,64,8,16,64,32,0,0,4,8,0,0,0,4,0,0,0,1
838,1024,512,128,64,8,16,64,32,2,4,8,0,4,0,0,0,0,0,1,0
839,1024,512,128,64,8,16,64,32,0,2,4,8,0,0,4,2,0,0,0,1
840,1024,512,128,64,8,16,64,32,2,2,8,8,0,0,0,2,1,0,0,0
841,1024,512,128,64,8,16,64,32,0,0,4,16,0,0,0,4,0,0,0,1
842,1024,512,128,64,8,16,64,32,0,2,4,16,0,0,0,4,0,0,0,1
843,1024,512,128,64,8,16,64,32,0,2,4,16,0,0,0,8,0,0,0,1
844,1024,512,128,64,8,16,64,32,2,4,16,0,2,8,0,0,0,0,1,0
845,1024,512,128,64,8,16,64,32,0,2,4,16,0,2,8,2,0,0,0,1
846,1024,512,128,64,8,16,64,32,0,4,4,16,0,2,8,2,0,0,0,1
847,1024,512,128,64,8,16,64,32,0,0,8,16,0,4,8,2,0,0,0,1
848,1024,512,128,64,8,16,64,32,2,4,16,16,0,0,0,2,1,0,0,0
849,1024,512,128,64,8,16,64,32,0,2,4,32,0,0,0,4,0,0,0,1
850,1024,512,128,64,8,16,64,64,0,4,4,4,0,0,0,0,1,0,0,0
851,1024,512,128,128,8,16,64,4,0,4,4,2,0,0,0,0,1,0,0,0
852,1024,512,256,0,8,16,64,4,8,2,0,0,2,0,0,0,0,0,1,0
853,1024,512,256,4,16,16,64,2,2,2,0,0,0,0,0,0,1,0,0,0
854,1024,512,256,4,16,16,64,4,2,2,0,0,0,0,0,0,1,0,0,0
855,1024,512,256,8,16,16,64,0,2,2,2,0,0,0,0,0,1,0,0,0
856,1024,512,256,8,32,64,0,0,4,2,0,0,2,0,0,0,0,0,1,0
857,1024,512,256,8,32,64,0,2,4,2,0,0,2,0,0,0,1,0,0,0
858,1024,512,256,8,0,32,64,2,0,0,4,2,0,0,0,4,0,0,0,1
859,1024,512,256,8,2,32,64,4,0,0,4,4,0,0,0,0,1,0,0,0
860,1024,512,256,8,2,32,64,8,0,0,4,0,0,0,2,0,1,0,0,0
861,1024,512,256,16,2,32,64,2,0,0,4,0,0,0,2,0,1,0,0,0
862,1024,512,256,16,2,32,64,2,0,0,2,4,0,0,0,2,0,0,0,1
863,1024,512,256,16,2,32,64,2,4,2,4,0,2,0,0,0,0,0,1,0
864,1024,512,256,16,2,32,64,2,4,2,8,0,2,0,0,0,1,0,0,0
865,1024,512,256,16,2,32,64,2,0,4,2,8,0,0,2,4,0,0,0,1
866,1024,512,256,16,2,32,64,2,4,2,8,0,4,4,0,0,0,0,1,0
867,1024,512,256,16,2,32,64,4,8,2,8,0,0,4,0,0,1,0,0,0
868,1024,512,256,16,2,32,64,4,8,2,8,0,4,2,0,0,0,0,1,0
869,1024,512,256,16,2,32,64,4,8,4,8,0,4,0,2,0,1,0,0,0
870,1024,512,256,16,2,32,64,4,8,4,8,2,4,0,2,0,1,0,0,0
871,1024,512,256,16,2,32,64,4,8,4,8,2,0,0,4,4,0,0,0,1
872,1024,512,256,16,2,32,64,4,8,4,8,2,2,8,0,0,0,0,1,0
873,1024,512,256,16,2,32,64,4,8,4,8,2,0,2,8,2,0,0,0,1
874,1024,512,256,16,2,32,64,4,8,4,16,4,2,2,0,0,1,0,0,0
875,1024,512,256,16,2,32,64,8,8,4,16,2,2,2,0,0,1,0,0,0
876,1024,512,256,16,2,32,64,8,8,4,16,2,0,0,2,4,0,0,0,1
877,1024,512,256,16,2,32,64,8,8,4,16,2,4,4,0,0,0,0,1,0
878,1024,512,256,16,2,32,64,8,8,8,16,4,4,0,0,0,1,0,0,0
879,1024,512,256,16,2,32,64,8,0,16,16,4,0,0,4,2,0,0,0,1
880,1024,512,256,16,2,32,64,8,32,4,0,0,2,4,2,0,0,0,1,0
881,1024,512,256,16,2,32,64,8,32,8,4,0,2,0,0,0,1,0,0,0
882,1024,512,256,16,2,32,64,8,32,8,4,4,2,0,0,0,1,0,0,0
883,1024,512,256,16,2,32,64,8,0,32,8,8,0,0,0,4,0,0,0,1
884,1024,512,256,16,2,64,64,16,0,2,8,4,0,0,0,0,1,0,0,0
885,1024,512,256,32,4,64,64,4,0,2,8,0,0,0,0,0,1,0,0,0
886,1024,512,256,32,0,4,128,4,0,0,2,8,0,0,0,2,0,0,0,1
887,1024,512,256,32,4,128,4,0,4,8,0,0,2,0,0,0,0,0,1,0
888,1024,512,256,32,8,128,4,0,2,8,0,0,0,2,0,0,1,0,0,0
889,1024,512,256,32,8,128,4,2,2,8,0,0,0,2,0,0,1,0,0,0
890,1024,512,256,32,8,128,4,2,2,8,2,0,0,2,0,0,1,0,0,0
891,1024,512,256,32,8,128,4,2,0,2,8,2,0,0,0,4,0,0,0,1
892,1024,512,256,32,8,128,4,4,0,4,8,4,0,0,0,0,1,0,0,0
893,1024,512,256,32,0,8,128,8,0,4,8,4,0,0,0,2,0,0,0,1
894,1024,512,256,32,8,128,8,0,2,4,8,4,2,0,0,0,0,0,1,0
895,1024,512,256,32,8,128,16,2,4,4,0,4,0,0,0,0,1,0,0,0
896,1024,512,256,32,8,128,16,2,8,4,0,0,2,0,0,0,0,0,1,0
897,1024,512,256,32,16,128,16,4,2,4,0,0,0,0,0,0,1,0,0,0
898,1024,512,256,32,16,128,16,4,0,2,4,2,0,0,0,0,0,0,0,1
899,1024,512,256,32,16,128,16,4,0,2,4,2,0,0,0,2,0,0,0,1
900,1024,512,256,32,16,128,16,4,2,2,4,4,0,0,0,0,1,0,0,0
901,1024,512,256,32,16,128,16,8,4,2,4,0,0,0,0,0,1,0,0,0
902,1024,512,256,32,16,128,16,8,0,4,2,4,0,0,0,2,0,0,0,1
903,1024,512,256,32,16,128,16,8,0,4,2,4,0,0,0,4,0,0,0,1
904,1024,512,256,32,16,128,16,8,2,4,2,8,0,0,0,0,1,0,0,0
905,1024,512,256,32,16,128,16,16,2,4,4,0,0,0,0,0,1,0,0,0
906,1024,512,256,32,0,16,128,32,0,2,8,2,0,0,0,0,0,0,0,1
907,1024,512,256,64,0,16,128,2,0,4,8,0,0,0,0,0,1,0,0,0
908,1024,512,256,64,0,16,128,2,0,0,4,8,0,0,0,2,0,0,0,1
909,1024,512,256,64,16,128,2,0,4,8,0,0,4,0,0,0,0,0,1,0
910,1024,512,256,64,0,16,128,2,0,0,4,8,0,0,4,2,0,0,0,1
911,1024,512,256,64,0,16,128,2,0,2,8,8,0,0,0,2,1,0,0,0
912,1024,512,256,64,2,16,128,2,2,16,0,0,2,0,0,0,0,0,1,0
913,1024,512,256,64,4,32,128,4,2,0,0,0,0,0,0,0,1,0,0,0
914,1024,512,256,64,4,32,128,4,4,0,0,0,0,0,0,0,0,0,1,0
915,1024,512,256,64,8,32,128,4,0,0,2,0,0,0,0,0,1,0,0,0
916,1024,512,256,64,8,32,128,4,0,0,0,2,0,0,0,2,0,0,0,1
917,1024,512,256,64,8,32,128,4,4,0,0,4,0,0,0,0,1,0,0,0
918,1024,512,256,64,8,32,128,8,4,4,0,0,0,0,0,0,1,0,0,0
919,1024,512,256,64,8,32,128,8,0,0,0,8,0,0,0,2,0,0,0,1
920,1024,512,256,64,8,32,128,16,0,0,2,2,0,0,0,0,1,0,0,0
921,1024,512,256,64,8,32,128,16,0,0,2,4,0,0,0,0,0,0,0,1
922,1024,512,256,64,8,32,128,16,0,0,4,4,0,0,0,0,1,0,0,0
923,1024,512,256,64,8,32,128,16,0,0,0,8,0,0,0,4,0,0,0,1
924,1024,512,256,64,8,32,128,16,2,0,0,8,0,0,0,4,1,0,0,0
925,1024,512,256,64,8,32,128,16,0,0,2,8,0,0,2,4,0,0,0,1
926,1024,512,256,64,8,32,128,16,0,0,2,8,0,0,4,4,0,0,0,1
927,1024,512,256,64,8,32,128,16,0,0,2,8,0,0,2,8,0,0,0,1
928,1024,512,256,64,8,32,128,16,0,2,4,16,0,0,0,0,1,0,0,0
929,1024,512,256,64,8,32,128,32,0,4,4,0,0,0,0,0,1,0,0,0
930,1024,512,256,64,8,32,128,32,0,0,8,2,0,0,0,0,0,0,0,1
931,1024,512,256,64,8,32,128,32,2,8,2,0,0,0,0,0,0,0,1,0
932,1024,512,256,64,8,32,128,32,0,2,8,2,0,0,0,2,0,0,0,1
933,1024,512,256,64,8,32,128,32,0,2,8,4,0,0,2,0,1,0,0,0
934,1024,512,256,64,8,32,128,32,0,4,8,4,0,0,0,2,0,0,0,1
935,1024,512,256,64,8,32,128,32,0,4,8,4,0,0,4,2,0,0,0,1
936,1024,512,256,64,8,32,128,32,2,4,8,4,4,2,0,0,0,0,1,0
937,1024,512,256,64,8,32,128,32,2,4,8,4,0,0,4,4,0,0,0,1
938,1024,512,256,64,8,32,128,32,2,8,8,8,0,0,4,0,1,0,0,0
939,1024,512,256,64,8,32,128,32,0,2,8,16,0,0,4,2,0,0,0,1
940,1024,512,256,64,8,32,128,32,2,8,16,0,2,4,2,0,0,0,1,0
941,1024,512,256,64,8,32,128,32,0,2,8,16,0,2,4,4,0,0,0,1
942,1024,512,256,64,8,32,128,32,0,2,8,16,0,0,4,8,0,0,0,1
943,1024,512,256,64,8,32,128,32,0,2,8,16,0,2,4,8,0,0,0,1
944,1024,512,256,64,8,32,128,32,2,4,8,16,0,0,4,8,1,0,0,0
945,1024,512,256,64,8,32,128,32,2,4,8,16,2,4,8,0,0,0,1,0
946,1024,512,256,64,8,32,128,32,4,8,16,16,0,0,0,2,1,0,0,0
947,1024,512,256,64,8,32,128,32,0,4,8,32,0,0,4,2,0,0,0,1
948,1024,512,256,64,8,32,128,64,0,4,8,2,0,2,4,0,1,0,0,0
949,1024,512,256,128,8,32,128,4,0,4,8,0,0,2,4,0,1,0,0,0
950,1024,512,256,128,8,32,128,4,2,4,8,0,2,4,0,0,0,0,1,0
951,1024,512,256,128,8,32,128,4,4,8,8,0,0,0,2,0,1,0,0,0
952,1024,512,256,128,8,32,128,4,4,16,0,0,4,0,0,0,0,0,1,0
953,1024,512,256,128,8,32,128,4,4,16,2,0,4,0,0,0,0,0,1,0
954,1024,512,256,128,8,32,128,4,0,4,16,2,0,0,4,2,0,0,0,1
955,1024,512,256,128,8,32,128,4,2,4,16,4,0,0,4,0,1,0,0,0
956,1024,512,256,128,8,32,128,8,2,4,16,2,0,0,4,0,1,0,0,0
957,1024,512,256,128,8,32,128,8,2,4,16,2,8,0,0,0,0,0,1,0
958,1024,512,256,128,8,32,128,8,2,4,16,2,8,2,0,0,0,0,1,0
959,1024,512,256,128,8,32,128,8,2,4,16,2,8,4,0,0,0,0,1,0
960,1024,512,256,128,8,32,128,8,2,8,16,2,8,0,2,0,1,0,0,0
961,1024,512,256,128,8,32,128,8,2,8,16,2,8,4,0,0,0,0,1,0
962,1024,512,256,128,8,32,128,8,2,8,16,2,0,8,4,2,0,0,0,1
963,1024,512,256,128,8,32,128,8,4,16,16,4,0,0,4,0,1,0,0,0
964,1024,512,256,128,8,32,128,8,4,32,4,0,4,2,0,0,0,0,1,0
965,1024,512,256,128,8,64,128,8,8,2,4,2,0,0,0,0,1,0,0,0
966,1024,512,256,128,16,64,128,8,0,2,4,4,0,0,0,0,1,0,0,0
967,1024,512,256,128,16,64,128,8,2,8,0,0,2,0,0,0,0,0,1,0
968,1024,512,256,128,16,64,128,8,4,8,0,0,0,2,0,0,1,0,0,0
969,1024,512,256,128,16,64,128,8,4,8,2,0,2,0,0,0,0,0,1,0
970,1024,512,256,128,16,64,128,8,4,8,4,0,2,0,0,0,0,0,1,0
971,1024,512,256,128,16,64,128,8,4,8,4,0,4,0,0,0,0,0,1,0
972,1024,512,256,128,16,64,128,8,8,8,4,2,0,0,0,0,1,0,0,0
973,1024,512,256,128,16,64,128,8,16,4,2,0,2,0,0,0,0,0,1,0
974,1024,512,256,128,32,64,128,8,2,4,2,0,0,2,0,0,1,0,0,0
975,1024,512,256,128,32,64,128,8,2,4,2,0,2,4,0,0,0,0,1,0
976,1024,512,256,128,32,64,128,8,4,8,2,2,0,0,0,0,1,0,0,0
977,1024,512,256,128,32,64,128,8,4,8,4,0,2,0,0,0,0,0,1,0
978,1024,512,256,128,32,64,128,8,4,8,4,2,0,0,0,2,0,0,0,1
979,1024,512,256,128,32,64,128,8,4,8,4,4,2,0,0,0,1,0,0,0
980,1024,512,256,128,32,64,128,8,0,4,8,8,0,0,0,4,0,0,0,1
981,1024,512,256,128,32,64,128,16,2,4,8,4,0,0,0,0,1,0,0,0
982,1024,512,256,128,32,64,128,16,2,4,8,4,2,0,0,0,0,0,1,0
983,1024,512,256,128,32,64,128,16,4,4,8,4,0,0,0,2,1,0,0,0
984,1024,512,256,128,32,64,128,16,8,8,4,0,4,2,0,0,0,0,1,0
985,1024,512,256,128,32,64,128,16,16,4,0,0,4,4,0,0,0,0,1,0
986,1024,512,256,128,32,64,128,16,16,8,0,2,4,0,0,0,1,0,0,0
987,1024,512,256,128,32,64,128,16,16,8,2,0,4,2,0,0,0,0,1,0
988,1024,512,256,128,32,64,128,16,16,8,4,0,4,2,0,0,0,0,1,0
989,1024,512,256,128,32,64,128,16,16,8,4,0,4,4,0,0,0,0,1,0
990,1024,512,256,128,32,64,128,16,0,16,8,4,0,0,8,2,0,0,0,1
991,1024,512,256,128,32,64,128,16,16,8,4,0,2,8,2,0,0,0,1,0
992,1024,512,256,128,32,64,128,16,16,16,4,2,2,0,2,0,1,0,0,0
993,1024,512,256,128,32,64,128,16,32,4,2,0,4,2,0,0,0,0,1,0
994,1024,512,256,128,64,64,128,16,4,4,4,0,0,2,0,0,1,0,0,0
995,1024,512,256,128,0,128,128,16,0,0,4,8,0,0,0,4,0,0,0,1
996,1024,512,256,128,0,2,256,16,0,0,4,8,0,0,0,4,0,0,0,1
997,1024,512,512,128,2,2,4,16,0,0,0,8,0,0,0,4,1,0,0,0
998,1024,1024,128,0,4,4,16,0,8,0,0,0,8,0,0,0,0,0,1,0
999,2048,128,0,0,8,16,4,0,8,0,0,0,8,0,0,0,0,0,1,0
1000,2048,128,4,4,16,16,0,0,8,0,0,0,0,0,0,0,1,0,0,0
1001,2048,128,8,0,32,2,0,0,8,0,0,0,0,0,0,0,0,0,1,0
1002,2048,128,8,0,32,4,0,0,8,0,0,0,0,0,0,0,0,0,1,0
1003,2048,128,8,2,32,4,0,0,8,0,0,0,0,0,0,0,1,0,0,0
1004,2048,128,8,2,32,4,2,0,8,0,0,0,0,0,0,0,1,0,0,0
1005,2048,128,8,2,32,4,2,0,8,0,0,0,2,0,0,0,0,0,1,0
1006,2048,128,8,4,32,4,2,0,8,0,0,0,2,0,0,0,1,0,0,0
1007,2048,128,8,4,32,4,2,0,8,0,0,0,4,0,0,0,0,0,1,0
1008,2048,128,8,4,0,32,4,2,0,0,8,2,0,0,0,4,0,0,0,1
1009,2048,128,8,4,0,32,4,4,0,2,8,4,0,0,0,0,1,0,0,0
1010,2048,128,8,8,0,32,4,4,0,4,8,0,0,0,0,0,1,0,0,0
1011,0,2048,128,16,0,0,32,8,0,0,4,8,0,0,0,2,0,0,0,1
1012,2048,128,16,0,2,32,8,0,4,8,0,0,2,0,0,0,0,0,1,0
1013,0,2048,128,16,0,2,32,8,0,0,4,8,0,0,0,4,0,0,0,1
1014,2048,128,16,0,2,32,8,0,2,4,8,0,4,0,0,0,0,0,1,0
1015,2048,128,16,0,4,32,16,0,4,4,4,0,0,0,0,0,1,0,0,0
1016,2048,128,32,0,8,32,4,0,0,4,2,0,0,0,0,0,1,0,0,0
1017,2048,128,32,0,8,32,4,0,4,2,0,0,2,0,0,0,0,0,1,0
1018,0,2048,128,32,0,8,32,4,0,0,4,2,0,0,2,4,0,0,0,1
1019,2048,128,32,0,8,32,4,0,4,2,0,0,4,2,4,0,0,0,1,0
1020,2048,128,32,2,8,32,8,0,8,4,0,0,0,0,0,0,1,0,0,0
1021,2048,128,32,4,16,32,8,0,0,4,0,0,0,0,0,0,1,0,0,0
1022,2048,128,32,4,16,32,8,0,8,0,0,0,0,0,0,0,0,0,1,0
1023,2048,128,32,4,16,32,8,2,0,0,0,8,0,0,0,0,0,0,0,1
1024,2048,128,32,4,16,32,8,2,8,0,0,0,2,0,0,0,0,0,1,0
1025,2048,128,32,4,16,32,8,2,8,4,0,0,2,0,0,0,0,0,1,0
1026,2048,128,32,4,16,32,8,2,8,4,4,0,2,0,0,0,1,0,0,0
1027,2048,128,32,4,16,32,8,2,8,8,2,0,2,0,0,0,0,0,1,0
1028,2048,128,32,4,16,32,8,2,16,4,0,0,2,0,0,0,0,0,1,0
1029,2048,128,32,4,32,32,8,2,2,4,0,0,0,2,0,0,1,0,0,0
1030,2048,128,32,4,64,8,2,0,2,4,0,0,4,0,0,0,0,0,1,0
1031,2048,128,32,4,64,8,4,0,2,4,0,0,4,0,0,0,1,0,0,0
1032,2048,128,32,4,0,64,8,4,0,0,2,4,0,0,4,2,0,0,0,1
1033,2048,128,32,8,0,64,8,4,0,2,2,2,0,0,4,0,1,0,0,0
1034,2048,128,32,8,0,64,8,4,0,0,2,4,0,0,2,4,0,0,0,1
1035,2048,128,32,8,2,64,8,8,0,0,4,4,0,0,0,0,1,0,0,0
1036,2048,128,32,16,2,64,8,4,0,2,4,0,0,0,0,0,1,0,0,0
1037,2048,128,32,16,2,64,8,4,0,0,2,4,0,0,0,2,0,0,0,1
1038,2048,128,32,16,4,64,8,8,0,0,2,2,0,0,0,0,1,0,0,0
1039,2048,128,32,16,0,4,64,16,0,0,0,4,0,0,0,2,0,0,0,1
1040,2048,128,32,32,0,4,64,4,0,0,2,2,0,0,0,0,1,0,0,0
1041,2048,128,64,0,2,4,64,4,4,0,0,0,0,0,0,0,0,0,1,0
1042,2048,128,128,4,2,4,0,0,4,0,0,0,2,0,0,0,1,0,0,0
1043,2048,256,4,0,2,4,0,0,4,2,0,0,2,0,0,0,0,0,1,0
1044,2048,256,4,2,2,4,0,0,4,2,0,0,2,0,0,0,1,0,0,0
1045,2048,256,4,2,2,4,0,0,4,4,0,0,2,0,0,0,0,0,1,0
1046,2048,256,4,2,2,8,2,0,4,0,0,0,2,0,0,0,1,0,0,0
1047,2048,256,4,2,2,8,4,0,4,0,0,0,2,0,0,0,1,0,0,0
1048,2048,256,8,2,2,8,2,0,4,0,0,0,2,0,0,0,1,0,0,0
1049,2048,256,8,2,0,2,8,2,0,0,0,4,0,0,0,4,0,0,0,1
1050,2048,256,16,4,2,2,0,8,0,0,0,0,0,0,0,0,1,0,0,0
1051,2048,256,16,4,4,8,0,0,0,0,0,0,2,0,0,0,0,0,1,0
1052,2048,256,16,4,4,8,0,2,2,0,0,0,0,0,0,0,1,0,0,0
1053,2048,256,16,4,4,8,0,2,2,2,0,0,0,0,0,0,1,0,0,0
1054,2048,256,16,4,0,4,8,2,0,0,2,4,0,0,0,0,0,0,0,1
1055,2048,256,16,4,4,8,2,0,2,4,0,0,2,0,0,0,0,0,1,0
1056,2048,256,16,4,4,8,2,2,4,4,0,0,0,0,0,0,1,0,0,0
1057,2048,256,16,4,0,4,8,4,0,0,0,8,0,0,0,2,0,0,0,1
1058,2048,256,16,8,0,4,8,8,0,2,0,2,0,0,0,0,1,0,0,0
1059,2048,256,16,16,0,4,8,2,0,4,0,0,0,0,0,0,1,0,0,0
1060,2048,256,32,0,4,8,2,0,2,4,0,0,0,0,0,0,0,0,1,0
1061,2048,256,32,4,0,4,8,2,0,0,2,4,0,0,0,0,0,0,0,1
1062,2048,256,32,4,4,8,2,0,2,4,0,0,2,0,0,0,0,0,1,0
1063,2048,256,32,4,4,8,2,2,4,4,0,0,0,0,0,0,1,0,0,0
1064,2048,256,32,4,0,4,8,4,0,0,0,8,0,0,0,2,0,0,0,1
1065,2048,256,32,8,0,4,8,8,0,0,2,2,0,0,0,0,1,0,0,0
1066,2048,256,32,16,0,4,8,4,0,0,2,0,0,0,0,0,1,0,0,0
1067,2048,256,32,16,0,4,8,4,0,0,0,2,0,0,0,2,0,0,0,1
1068,2048,256,32,16,2,4,8,4,0,0,0,4,0,0,0,0,1,0,0,0
1069,2048,256,32,16,4,4,8,8,0,0,0,0,0,0,0,0,1,0,0,0
1070,2048,256,32,16,0,0,8,16,0,0,0,0,0,0,0,4,0,0,0,1
1071,2048,256,32,32,2,0,8,4,0,0,0,0,0,0,0,0,1,0,0,0
1072,2048,256,64,0,2,8,4,0,0,0,0,0,2,0,0,0,0,0,1,0
1073,2048,256,64,0,4,8,4,0,2,0,0,0,0,0,0,0,1,0,0,0
1074,2048,256,64,0,4,8,4,0,2,0,0,0,2,0,0,0,0,0,1,0
1075,2048,256,64,2,4,8,4,0,4,0,0,0,0,0,0,0,1,0,0,0
1076,2048,256,64,4,8,8,4,0,0,0,0,0,0,0,0,0,1,0,0,0
1077,2048,256,64,4,16,4,0,0,2,0,0,0,0,0,0,0,0,0,1,0
1078,2048,256,64,4,16,4,2,0,2,0,0,0,0,0,0,0,0,0,1,0
1079,2048,256,64,4,16,4,2,2,2,0,0,0,0,0,0,0,1,0,0,0
1080,2048,256,64,4,16,4,4,0,2,0,0,0,2,0,0,0,0,0,1,0
1081,2048,256,64,4,16,4,4,2,4,0,0,0,0,0,0,0,1,0,0,0
1082,2048,256,64,4,16,8,2,0,4,0,0,0,4,0,0,0,0,0,1,0
1083,2048,256,64,4,0,16,8,4,0,0,0,4,0,0,0,4,0,0,0,1
1084,2048,256,64,8,0,16,8,8,0,0,2,0,0,0,0,0,1,0,0,0
1085,2048,256,64,16,0,16,8,0,0,2,2,0,0,0,0,0,1,0,0,0
1086,2048,256,64,16,0,0,16,8,0,0,0,4,0,0,0,2,0,0,0,1
1087,2048,256,64,16,2,16,8,0,4,0,0,0,2,0,0,0,0,0,1,0
1088,2048,256,64,16,0,2,16,8,0,0,0,4,0,0,2,4,0,0,0,1
1089,2048,256,64,16,0,4,16,8,0,0,2,8,0,0,0,0,1,0,0,0
1090,2048,256,64,16,2,4,16,16,0,0,2,0,0,0,0,0,1,0,0,0
1091,2048,256,64,32,2,4,16,2,0,0,2,0,0,0,0,0,1,0,0,0
1092,2048,256,64,32,2,4,16,2,0,0,0,2,0,0,0,2,0,0,0,1
1093,2048,256,64,32,4,4,16,4,0,0,0,2,0,0,0,0,1,0,0,0
1094,2048,256,64,32,0,8,16,4,0,0,0,4,0,0,0,0,0,0,0,1
1095,2048,256,64,32,0,8,16,8,0,0,0,2,0,0,0,0,1,0,0,0
1096,2048,256,64,32,0,8,16,8,0,0,2,2,0,0,0,0,1,0,0,0
1097,2048,256,64,32,0,8,16,8,0,0,0,4,0,0,0,2,0,0,0,1
1098,2048,256,64,32,8,16,8,0,4,0,0,0,4,2,0,0,0,0,1,0
1099,2048,256,64,32,0,8,16,8,0,0,4,2,0,0,4,2,0,0,0,1
1100,2048,256,64,32,2,8,16,8,0,0,8,4,0,0,0,0,1,0,0,0
1101,2048,256,64,32,2,8,16,8,0,0,8,4,0,0,0,2,0,0,0,1
1102,2048,256,64,32,2,8,16,8,0,2,8,4,0,0,0,2,0,0,0,1
1103,2048,256,64,32,2,8,16,8,0,2,8,4,0,0,4,2,0,0,0,1
1104,2048,256,64,32,2,8,16,8,2,8,4,0,2,4,2,0,0,0,1,0
1105,2048,256,64,32,2,8,16,8,0,2,8,4,0,2,4,4,0,0,0,1
1106,2048,256,64,32,2,8,16,8,4,4,8,8,0,0,4,0,1,0,0,0
1107,2048,256,64,32,2,8,16,16,4,4,8,0,0,2,4,0,1,0,0,0
1108,2048,256,64,32,0,2,8,32,0,8,8,2,0,0,2,4,0,0,0,1
1109,2048,256,64,64,4,2,16,2,0,8,2,4,0,0,0,0,1,0,0,0
1110,2048,256,128,0,4,2,16,2,8,2,4,0,2,0,0,0,0,0,1,0
1111,2048,256,128,4,4,4,16,0,8,0,4,0,2,0,0,0,1,0,0,0
1112,2048,256,128,4,8,16,2,0,8,4,0,0,2,0,0,0,0,0,1,0
1113,2048,256,128,4,16,16,2,2,2,4,0,0,0,0,0,0,1,0,0,0
1114,2048,256,128,4,0,0,32,4,0,0,2,4,0,0,0,2,0,0,0,1
1115,2048,256,128,8,0,2,32,4,0,0,2,2,0,0,0,0,1,0,0,0
1116,2048,256,128,8,0,2,32,4,0,0,2,4,0,0,0,0,0,0,0,1
1117,2048,256,128,8,0,2,32,8,0,0,2,2,0,0,0,0,1,0,0,0
1118,2048,256,128,16,2,2,32,2,0,0,2,0,0,0,0,0,1,0,0,0
1119,2048,256,128,16,0,4,32,2,0,0,0,2,0,0,0,2,0,0,0,1
1120,2048,256,128,16,0,4,32,4,0,2,0,2,0,0,0,0,1,0,0,0
1121,2048,256,128,16,0,4,32,4,0,0,0,4,0,0,0,2,0,0,0,1
1122,2048,256,128,16,0,4,32,8,0,2,0,2,0,0,0,0,1,0,0,0
1123,2048,256,128,16,0,4,32,8,0,0,0,4,0,0,0,2,0,0,0,1
1124,2048,256,128,16,0,4,32,8,0,0,2,4,0,0,0,2,0,0,0,1
1125,2048,256,128,16,0,4,32,8,0,0,4,4,0,0,0,2,0,0,0,1
1126,2048,256,128,16,0,4,32,8,0,0,0,8,0,0,0,4,0,0,0,1
1127,2048,256,128,16,0,4,32,16,0,0,2,4,0,0,0,0,1,0,0,0
1128,2048,256,128,32,0,4,32,4,0,2,2,0,0,0,0,0,1,0,0,0
1129,2048,256,128,32,0,4,32,4,0,0,2,4,0,0,0,0,0,0,0,1
1130,2048,256,128,32,2,4,32,8,0,0,2,0,0,0,0,0,1,0,0,0
1131,2048,256,128,32,2,4,32,8,0,0,0,2,0,0,0,4,0,0,0,1
1132,2048,256,128,32,2,4,32,8,0,0,0,4,0,0,0,4,0,0,0,1
1133,2048,256,128,32,4,4,32,8,0,0,0,8,0,0,0,0,1,0,0,0
1134,2048,256,128,32,4,4,32,16,2,0,0,0,0,0,0,0,1,0,0,0
1135,2048,256,128,32,0,8,32,16,0,0,0,4,0,0,0,0,0,0,0,1
1136,2048,256,128,32,0,8,32,16,0,0,2,4,0,0,0,0,0,0,0,1
1137,2048,256,128,32,0,8,32,16,0,0,4,4,0,0,0,0,0,0,0,1
1138,2048,256,128,32,0,8,32,16,0,0,2,8,0,0,0,0,0,0,0,1
1139,2048,256,128,32,4,8,32,16,0,0,2,8,0,0,0,0,1,0,0,0
1140,2048,256,128,32,4,8,32,16,0,0,4,8,0,0,0,0,0,0,0,1
1141,2048,256,128,32,4,8,32,16,0,0,4,8,0,0,0,2,0,0,0,1
1142,2048,256,128,32,4,8,32,16,0,0,4,8,0,0,0,4,0,0,0,1
1143,2048,256,128,32,4,8,32,16,0,2,4,8,0,0,0,4,1,0,0,0
1144,2048,256,128,32,4,8,32,16,2,4,8,0,2,4,0,0,0,0,1,0
1145,2048,256,128,32,4,8,32,16,0,2,4,8,0,2,4,2,0,0,0,1
1146,2048,256,128,32,4,8,32,16,2,4,8,8,0,0,0,2,1,0,0,0
1147,2048,256,128,32,4,8,32,16,0,2,4,16,0,0,0,4,0,0,0,1
1148,2048,256,128,32,4,8,32,32,2,2,4,4,0,0,0,0,1,0,0,0
1149,2048,256,128,64,4,8,32,4,2,4,4,0,0,0,0,0,1,0,0,0
1150,2048,256,128,64,4,8,32,4,2,4,4,2,0,0,0,0,1,0,0,0
1151,2048,256,128,64,4,8,32,4,0,2,8,2,0,0,0,2,0,0,0,1
1152,2048,256,128,64,4,8,32,4,0,2,8,4,0,0,2,0,1,0,0,0
1153,2048,256,128,64,4,8,32,8,2,2,8,0,0,0,2,0,1,0,0,0
1154,2048,256,128,64,4,8,32,8,0,0,4,8,0,0,0,4,0,0,0,1
1155,2048,256,128,64,4,8,32,16,2,0,4,4,0,0,0,0,1,0,0,0
1156,2048,256,128,64,4,8,32,16,0,0,4,8,0,0,0,0,0,0,0,1
1157,2048,256,128,64,4,8,32,16,0,0,4,8,0,0,0,2,0,0,0,1
1158,2048,256,128,64,4,8,32,16,0,0,8,8,0,0,0,2,1,0,0,0
1159,2048,256,128,64,4,8,32,16,0,0,2,16,0,0,0,2,0,0,0,1
1160,2048,256,128,64,4,8,32,32,0,0,4,2,0,0,0,0,1,0,0,0
1161,2048,256,128,64,0,4,8,64,0,0,4,2,0,0,0,2,0,0,0,1
1162,2048,256,128,128,0,4,8,4,0,0,4,0,0,0,2,0,1,0,0,0
1163,2048,256,256,0,4,8,4,0,2,4,0,0,2,0,0,0,0,0,1,0
1164,2048,512,0,0,4,8,4,0,2,8,0,0,2,0,0,0,0,0,1,0
1165,2048,512,4,2,4,16,0,0,4,0,0,0,0,0,0,0,1,0,0,0
1166,2048,512,4,2,8,16,0,0,0,2,0,0,0,0,0,0,1,0,0,0
1167,2048,512,4,2,8,16,0,0,4,0,0,0,0,0,0,0,0,0,1,0
1168,2048,512,4,2,0,0,8,16,0,0,0,4,0,0,0,2,0,0,0,1
1169,2048,512,4,2,8,16,0,0,8,0,0,0,2,0,0,0,0,0,1,0
1170,2048,512,4,4,16,16,0,0,2,0,0,0,0,0,0,0,1,0,0,0
1171,0,2048,512,8,0,0,0,32,0,0,0,2,0,0,0,2,0,0,0,1
1172,2048,512,8,0,2,32,0,0,2,0,0,0,2,0,0,0,0,0,1,0
1173,2048,512,8,4,4,32,0,0,2,0,0,0,0,0,0,0,1,0,0,0
1174,2048,512,8,4,4,32,0,0,2,0,0,0,2,0,0,0,0,0,1,0
1175,2048,512,8,4,4,32,2,0,4,0,0,0,0,0,0,0,1,0,0,0
1176,2048,512,8,4,8,32,2,2,0,0,0,0,0,0,0,0,1,0,0,0
1177,2048,512,8,4,8,32,4,0,2,0,0,0,0,0,0,0,0,0,1,0
1178,2048,512,8,4,8,32,4,0,4,0,0,0,0,0,0,0,0,0,1,0
1179,2048,512,8,4,8,32,4,0,4,2,0,0,0,0,0,0,1,0,0,0
1180,2048,512,8,4,0,8,32,4,0,0,4,2,0,0,0,2,0,0,0,1
1181,2048,512,8,8,0,8,32,4,0,2,4,0,0,0,0,0,1,0,0,0
1182,2048,512,16,0,8,32,4,0,2,4,0,0,2,0,0,0,0,0,1,0
1183,2048,512,16,2,8,32,4,0,4,4,0,0,0,0,0,0,1,0,0,0
1184,2048,512,16,4,8,32,4,0,4,4,0,0,0,0,0,0,1,0,0,0
1185,2048,512,16,4,0,8,32,4,0,0,8,2,0,0,0,0,0,0,0,1
1186,2048,512,16,8,0,8,32,4,0,0,8,0,0,0,0,0,1,0,0,0
1187,2048,512,16,8,8,32,4,0,8,0,0,0,2,0,0,0,0,0,1,0
1188,2048,512,16,8,16,32,4,2,2,0,0,0,0,0,0,0,1,0,0,0
1189,2048,512,16,8,16,32,4,2,2,2,0,0,0,0,0,0,1,0,0,0
1190,2048,512,16,8,16,32,4,2,0,0,0,4,0,0,0,2,0,0,0,1
1191,2048,512,16,8,16,32,4,2,2,4,0,0,2,0,0,0,0,0,1,0
1192,2048,512,16,8,16,32,4,2,4,4,0,0,0,2,0,0,1,0,0,0
1193,2048,512,16,8,16,32,4,2,4,4,2,0,0,2,0,0,1,0,0,0
1194,2048,512,16,8,16,32,4,2,0,0,8,2,0,0,0,4,0,0,0,1
1195,2048,512,16,8,16,32,4,4,2,0,8,4,0,0,0,0,1,0,0,0
1196,2048,512,16,8,0,16,32,8,0,4,8,4,0,0,0,0,0,0,0,1
1197,2048,512,16,16,2,16,32,4,0,4,8,0,0,0,0,0,1,0,0,0
1198,2048,512,32,0,2,16,32,4,4,8,0,0,2,0,0,0,0,0,1,0
1199,2048,512,64,4,2,16,2,0,4,8,0,0,2,0,0,0,1,0,0,0
1200,2048,512,64,4,2,16,4,0,4,8,0,0,2,0,0,0,1,0,0,0
1201,2048,512,64,4,0,2,16,4,0,0,4,8,0,0,0,4,0,0,0,1
1202,2048,512,64,8,0,4,16,8,0,0,4,4,0,0,0,0,1,0,0,0
1203,2048,512,64,16,2,4,16,4,0,0,4,0,0,0,0,0,1,0,0,0
1204,2048,512,64,16,2,4,16,4,0,0,0,4,0,0,0,2,0,0,0,1
1205,2048,512,64,16,2,4,16,8,0,2,0,2,0,0,0,0,1,0,0,0
1206,2048,512,64,16,2,4,16,8,0,2,0,4,0,0,0,0,1,0,0,0
1207,2048,512,64,16,2,4,16,8,0,0,2,4,0,0,0,2,0,0,0,1
1208,2048,512,64,16,4,4,16,8,0,0,2,4,0,0,0,2,1,0,0,0
1209,2048,512,64,16,0,8,16,8,0,0,4,4,0,0,0,2,0,0,0,1
1210,2048,512,64,16,0,8,16,8,0,0,2,8,0,0,0,2,0,0,0,1
1211,2048,512,64,16,2,8,16,16,0,0,2,2,0,0,0,0,1,0,0,0
1212,2048,512,64,32,2,8,16,2,0,0,4,0,0,0,0,0,1,0,0,0
1213,2048,512,64,32,2,8,16,2,4,0,0,0,2,0,0,0,0,0,1,0
1214,2048,512,64,32,2,8,16,2,4,2,0,0,2,0,0,0,1,0,0,0
1215,2048,512,64,32,2,8,16,2,0,0,4,2,0,0,2,4,0,0,0,1
1216,2048,512,64,32,2,8,16,4,0,2,4,4,0,0,2,0,1,0,0,0
1217,2048,512,64,32,2,8,16,8,0,4,4,0,0,0,2,0,1,0,0,0
1218,2048,512,64,32,2,8,16,8,0,0,0,8,0,0,0,4,0,0,0,1
1219,2048,512,64,32,2,8,16,16,0,2,0,4,0,0,0,0,1,0,0,0
1220,2048,512,64,32,0,2,8,32,0,0,2,4,0,0,0,2,0,0,0,1
1221,2048,512,64,64,0,2,8,4,0,0,4,2,0,0,0,0,1,0,0,0
1222,2048,512,128,0,4,8,4,0,4,2,0,0,0,0,0,0,0,0,1,0